;;;;;;НИКА;НИКА;;;;;НИКА найти фотки;;;;;;;;;;;;;;;;
Деление;ПОВЫШЕНИЕ КВАЛИФИКАЦИИ;;;;;;;;;;;;;;;;;;;;;;;;;;;
Блоки;Название программы;Лид;О ПРОГРАММЕ;Для кого предназначена программа:;Программа обучения (Учебный план);Порядок зачисления на программу;ОТЗЫВЫ;Стоимость;Объем учебной програмы (часы)/ ТРУДОЁМКОСТЬ:;Длительность;Форма обучения;Итог;;;;;;;;;;;;;;;;
 Управление эффективностью деятельности компаний;Анализ и способы повышения эффективности использования недвижимого имущества;Программа повышения квалификации для руководителей и специалистов, работающих в сфере управления и распоряжения недвижимым имуществом ОАО «РЖД». Направлена на развитие профессиональных компетенций в области анализа профильности, оценки эффективности и разработки мер по оптимизации использования имущественного комплекса компании.;Программа разработана Институтом экономики и финансов РУТ (МИИТ) совместно с Департаментом корпоративного имущества ОАО «РЖД» для подготовки высококвалифицированных специалистов в области управления корпоративной недвижимостью. Содержание программы основано на реальных процессах, регламентах и методологии ОАО «РЖД» и направлено на формирование у слушателей практических навыков для решения профессиональных задач.;Лица, имеющие высшее образование, являющиеся специалистами в сфере организации и контроля работы по управлению и распоряжению недвижимым имуществом;"6 ч - Общие представления об объектах анализа и управления;                                                                                                                                                                                                                                                                                 2 ч - Перераспределение имущества ОАО «РЖД» между балансодержателями и пользователями;                                                               16 ч - Теоретические и практические аспекты анализа эффективности использования имущества и способов ее повышения;                                                                                                                                                                            26 ч - Принятие управленческих решений, направленных на повышение эффективности использования объектов недвижимого имущества ОАО «РЖД»;                                                                                                                         4 ч  - Списание недвижимого имущества                                                                                                                   2 ч - Итоговая аттестация ( Зачет в форме компьютерного тестирования.)";;;33 800,00;56;1 месяц 1 неделя;Очно-заочная с применением дистанционных образовательных технологий;;;;;;;;;;;;;;;;;
 Управление эффективностью деятельности компаний;Система управления организационной эффективностью компании (?);;;;;;;7 280,00;16;2 недели;ОЗ;Пример Удостоверения/Лицензия на осуществление образовательной деятельности;;;;;;;;;;;;;;;;
 Управление эффективностью деятельности компаний;"Управление операционной эффективностью инфраструктурного комплекса ОАО ""РЖД""";Программа повышения квалификации для руководителей и специалистов экономического блока ОАО «РЖД». Направлена на совершенствование компетенций в области управления себестоимостью, операционной эффективностью, сквозным планированием и экономическим обоснованием решений для инфраструктурного комплекса холдинга.;Программа разработана Институтом экономики и финансов РУТ (МИИТ) в соответствии с профессиональным стандартом «Экономист предприятия» и федеральным государственным образовательным стандартом высшего образования по направлению подготовки 38.03.02 «Менеджмент». Ориентирована на кадровый резерв и действующих руководителей экономических служб.;Руководители и специалисты организаций, имеющие высшее образование (включая начальников финансовых, планово-экономических и производственных отделов).;"Управление себестоимостью работ (услуг) и ценообразование – 20 часов

Экономические аспекты управления капитальным ремонтом – 18 часов

Повышение операционной эффективности и оптимизация расходов – 18 часов

Сквозное производственное планирование – 6 часов

Тренинг «Командообразование» – 4 часа

Развитие управленческих компетенций – 4 часа

ИТОГОВАЯ АТТЕСТАЦИЯ:
Зачет в форме тестирования и выполнения практических заданий.

2 часа";;;45 500,00;72;1 мес;ОЗ;Пример Удостоверения/Лицензия на осуществление образовательной деятельности;;;;;;;;;;;;;;;;
 Управление эффективностью деятельности компаний;Экономика и управление филиалами транспортного холдинга;Программа повышения квалификации для руководителей и специалистов. Направлена на совершенствование компетенций в области экономических методов управления, стратегического и оперативного планирования, анализа себестоимости и повышения эффективности деятельности филиалов в структурах холдингового типа.;Программа разработана Институтом экономики и финансов РУТ (МИИТ) в соответствии с профессиональным стандартом «Экономист предприятия» и федеральным государственным образовательным стандартом. Ориентирована на формирование у слушателей системных знаний в области экономики, управления и анализа деятельности филиалов крупного транспортного холдинга.;Специалисты и руководители структурных подразделений филиалов холдинга «РЖД» и его дочерних компаний, имеющие высшее образование.;"Транспортная стратегия РФ – цели и задачи реализации с позиций корпоративного управления – 10 часов

Стратегическое и оперативное планирование – 6 часов

Производительность труда: сущность и особенности определения – 8 часов

Методы определения и анализа себестоимости перевозок – 10 часов

Экономическая эффективность: понятие, методы расчёта – 8 часов

Процессный подход – инструмент устойчивого развития – 8 часов

Теория жизненного цикла – 10 часов

Операционные и финансовые показатели: взаимосвязь – 10 часов

ИТОГОВАЯ АТТЕСТАЦИЯ:
Зачет в форме компьютерного тестирования.
Продолжительность: 40 минут.";;;25 200,00;72;2 недели;ОЗ;Пример Удостоверения/Лицензия на осуществление образовательной деятельности;;;;;;;;;;;;;;;;
 Управление эффективностью деятельности компаний;Экономика, планирование и бюджетирование в холдинге «РЖД»;Программа повышения квалификации для руководителей и специалистов, занимающихся экономикой, планированием и бюджетированием в холдинге «РЖД». Направлена на совершенствование профессиональных компетенций в области экономической оценки деятельности, операционной эффективности, бюджетного управления и анализа себестоимости перевозок на железнодорожном транспорте.;Программа разработана Институтом экономики и финансов РУТ (МИИТ) в соответствии с профессиональным стандартом «Экономист предприятия» и ориентирована на формирование у слушателей системных знаний и практических навыков в области экономики, планирования и бюджетирования в условиях холдинговой структуры ОАО «РЖД».;Специалисты и руководители структурных подразделений ОАО «РЖД» и дочерних компаний, имеющие высшее образование.;"Транспортная стратегия РФ – цели и задачи реализации. Современные проблемы экономики железнодорожного транспорта – 9 часов

Экономическая оценка деятельности. Операционные и финансовые показатели: взаимосвязь – 7 часов

Экономический механизм устойчивого развития транспортной компании. Операционная эффективность и оптимизация расходов – 9 часов

Основы бюджетирования: принципы бюджетирования, виды бюджетов, бюджетные процедуры и регламент – 7 часов

Процессно-ориентированное бюджетирование: основы процессного управления, нормативно-целевые бюджеты – 6 часов

Планирование, учет и анализ расходов подразделений ОАО «РЖД» по видам деятельности и укрупненным видам работ – 10 часов

Расчетные методы определения и анализа себестоимости перевозок – 8 часов

Планирование и нормирование расходов по перевозочным видам деятельности – 7 часов

Информационное и аналитическое обеспечение процесса планирования и бюджетирования – 7 часов

ИТОГОВАЯ АТТЕСТАЦИЯ:
Зачет в форме тестирования.

2 часа";;;23 500,00;72;3 недели;ОЗ;Пример Удостоверения/Лицензия на осуществление образовательной деятельности;;;;;;;;;;;;;;;;
 Управление эффективностью деятельности компаний;Анализ данных для бизнеса;Практическая программа для руководителей и специалистов. Освойте ключевые инструменты для анализа данных: от создания дашбордов в Excel и автоматизации обработки с помощью Power Query до работы с базами данных на SQL. Научитесь извлекать из данных практическую пользу для управления.;Программа разработана Институтом экономики и финансов РУТ (МИИТ) в соответствии с профессиональным стандартом «Специалист по большим данным» и федеральным государственным образовательным стандартом высшего образования по направлению подготовки 38.03.05 «Бизнес-информатика». Ориентирована на практическое применение технологий анализа данных в бизнес-задачах.;Лица, имеющие высшее образование;"Аналитика данных для бизнеса – 7 часов

Анализ данных с помощью функций и формул – 5 часов

Инструмент «Сводная таблица» – 7 часов

Инструмент Power Query – 7 часов

Дашборды в Microsoft Excel – 7 часов

Анализ данных с применением инструментальных панелей (Power BI) – 37 часов

SQL для анализа данных – 25 часов

ИТОГОВАЯ АТТЕСТАЦИЯ:
Зачет в форме компьютерного тестирования и выполнения практических заданий.

2 часа";;;20 000,00;98;1 мес 1 неделя;ЗД;Пример Удостоверения/Лицензия на осуществление образовательной деятельности;;;;;;;;;;;;;;;;
 Управление эффективностью деятельности компаний;Отчетность с использованием ключевых показателей деятельности;;;;;;;20 400,00;288;3 месяца;ЗД;Пример Удостоверения/Лицензия на осуществление образовательной деятельности;;;;;;;;;;;;;;;;
 Управление эффективностью деятельности компаний;"Управленческий учет и отчетность о доходах и расходах 
 в ОАО «РЖД»";;;;;;;10 200,00;144;2 месяца;ЗД;Пример Удостоверения/Лицензия на осуществление образовательной деятельности;;;;;;;;;;;;;;;;
 Управление эффективностью деятельности компаний;"Финансово-экономическая деятельность инфраструктурного комплекса ОАО ""РЖД""";Программа повышения квалификации для руководителей и специалистов экономического блока, входящих в кадровый резерв. Направлена на совершенствование профессиональных компетенций в области управления себестоимостью, бюджетирования, операционной эффективности и принятия стратегических управленческих решений в инфраструктурном комплексе холдинга «Российские железные дороги».;Программа разработана Институтом экономики и финансов РУТ (МИИТ) в соответствии с профессиональным стандартом «Экономист предприятия» и устанавливает квалификационные требования для должностей начальника финансового, планово-экономического и производственного отдела. Ориентирована на формирование у слушателей системных знаний и практических навыков для эффективного управления финансово-хозяйственной деятельностью в транспортной компании.;Руководители и специалисты организаций, имеющие высшее образование.;"Управление себестоимостью работ (услуг) в холдинге «РЖД». Ценообразование. - 20 часов

Современные инструменты и методы принятия эффективных управленческих решений - 18 часов

Повышение операционной эффективности и оптимизация расходов. Экономическая оценка эффективности функционирования инфраструктурного комплекса ОАО «РЖД» - 18 часов

Специфика бюджетирования по перевозочным видам деятельности Центральной дирекции инфраструктуры - 6 часов

Тренинг «Знакомство. Командообразование» - 4 часа

Развитие управленческих компетенций - 4 часа

ИТОГОВАЯ АТТЕСТАЦИЯ:
Зачет в форме тестирования и выполнения практических заданий.

Критерий оценки «Зачтено»: 70% и более правильных ответов в тесте и выполнение 2-х практических заданий из 3-х.

Предусмотрено 2 попытки пересдачи";;;42 305,00;72;1 месяц;Очно-заочная, с применением электронного обучения.;;;;;;;;;;;;;;;;;
 Управление эффективностью деятельности компаний;"Экономика, планирование и бюджетирование в АО ""ФПК""";Программа повышения квалификации для руководителей и специалистов, занимающихся экономикой, планированием и бюджетированием в АО «ФПК». Направлена на совершенствование профессиональных компетенций в области экономической оценки деятельности, операционной эффективности, бюджетного управления и анализа себестоимости перевозок на железнодорожном транспорте.;Программа разработана Институтом экономики и финансов РУТ (МИИТ) в соответствии с профессиональным стандартом «Экономист предприятия» и ориентирована на формирование у слушателей системных знаний и практических навыков в области экономики, планирования и бюджетирования в условиях холдинговой структуры АО «ФПК».;Специалисты и руководители структурных подразделений АО «ФПК» и дочерних компаний, имеющие высшее образование.;"Транспортная стратегия РФ – цели и задачи реализации. Современные проблемы экономики железнодорожного транспорта – 9 часов

Экономическая оценка деятельности. Операционные и финансовые показатели: взаимосвязь – 7 часов

Экономический механизм устойчивого развития транспортной компании. Операционная эффективность и оптимизация расходов – 9 часов

Основы бюджетирования: принципы бюджетирования, виды бюджетов, бюджетные процедуры и регламент – 7 часов

Процессно-ориентированное бюджетирование: основы процессного управления, нормативно-целевые бюджеты – 6 часов

Планирование, учет и анализ расходов подразделений ОАО «РЖД» по видам деятельности и укрупненным видам работ – 10 часов

Расчетные методы определения и анализа себестоимости перевозок – 8 часов

Планирование и нормирование расходов по перевозочным видам деятельности – 7 часов

Информационное и аналитическое обеспечение процесса планирования и бюджетирования – 7 часов

ИТОГОВАЯ АТТЕСТАЦИЯ:
Зачет в форме тестирования.

2 часа";;;30 000,00;72;2 недели;ОЗ;Пример Удостоверения/Лицензия на осуществление образовательной деятельности;;;;;;;;;;;;;;;;
 Управление персоналом и организационное развитие;Мотивация труда в ОАО «РЖД»;;;;;;;11 760,00;24;1 месяц;ОЗ;Пример Удостоверения/Лицензия на осуществление образовательной деятельности;;;;;;;;;;;;;;;;
 Управление персоналом и организационное развитие;Научная организация и эффективность труда в ОАО «РЖД»;;;;;;;15 400,00;24;1 месяц;ОЗ;Пример Удостоверения/Лицензия на осуществление образовательной деятельности;;;;;;;;;;;;;;;;
 Управление персоналом и организационное развитие;Организация, нормирование и оплата труда в структурных подразделениях компании;фпк ку;;;;;;25 200,00;72;3 недели;ОЗ;Пример Удостоверения/Лицензия на осуществление образовательной деятельности;;;;;;;;;;;;;;;;
 Управление персоналом и организационное развитие;Практическое применение инструментов организационного дизайна в компании;Программа повышения квалификации для специалистов в области организационно-штатного управления. Направлена на формирование и совершенствование практических навыков применения инструментов организационного дизайна, построения организационно-функциональных моделей, управления изменениями и повышения эффективности труда для достижения стратегических целей компании.;Программа разработана Институтом экономики и финансов РУТ (МИИТ) в соответствии с профессиональными стандартами «Специалист по управлению персоналом», «Специалист по процессному управлению», «Бизнес-аналитик» и «Специалист по экономике труда». Ориентирована на получение слушателями системных знаний и практических навыков в области организационного дизайна, управления организационными изменениями и повышения производительности труда.;Специалисты  в сфере организационно-штатного управления, имеющие высшее и (или) среднее профессиональное образование.;"Основы организационного дизайна – 14 часов

Инструменты организационного дизайна и применение их на практике – 34,5 часа

Формирование технико-экономического обоснования – 13 часов

Организационно-штатная дисциплина – 2 часа

Риски при организационных изменениях – 3 часа

Автоматизация инструментов организационного дизайна – 3 часа

ИТОГОВАЯ АТТЕСТАЦИЯ:
Зачет в форме компьютерного тестирования.

2 часа";;;36 000,00;72;1 месяц;Очно-заочная, с применением дистанционных образовательных технологий;;;;;;;;;;;;;;;;;
 Управление персоналом и организационное развитие;Школа молодого руководителя;Программа развития профессиональных и управленческих компетенций для действующих и перспективных руководителей структурных подразделений. Направлена на системную подготовку лидеров, способных эффективно управлять пассажирским вагонным депо/участком в соответствии со стратегией развития компании и современными стандартами управления.;Программа разработана Институтом экономики и финансов РУТ (МИИТ) совместно с АО «ФПК». Программа комплексно охватывает ключевые аспекты деятельности руководителя: от глубокого понимания технологических процессов и стратегии компании до развития лидерских качеств, управления командой и финансовой грамотности.;;"УЧЕБНЫЙ ПЛАН
Программа состоит из трех комплексных модулей:

Модуль 1. Развитие профессиональных компетенций (120 часов)

Стратегия развития АО «ФПК» до 2030 года.

Технология ремонта и обслуживания пассажирских вагонов.

Руководство работой резерва проводников.

Подготовка и экипировка составов в рейс.

Рациональное использование ресурсов.

Современный подвижной состав и технологии обслуживания.

Взаимодействие с надзорными органами (охрана труда, пожарная и экологическая безопасность).

Трудовые отношения и разрешение споров на железнодорожном транспорте.

Взаимодействие с профсоюзной организацией.

Модуль 2. Развитие управленческих компетенций (120 часов)

Кодекс деловой этики и корпоративная культура.

Управленческий цикл: постановка задач, контроль, обратная связь.

Управление клиентоориентированностью и сервисом.

Тайм-менеджмент и личная эффективность руководителя.

Эффективная коммуникация, аргументация, работа с возражениями.

Мотивация и формирование команды.

Управление конфликтами.

Модуль 3. Финансово-экономическое обеспечение деятельности (32 часа)

Стресс-менеджмент и эмоциональный интеллект.

Публичные выступления.

Основы управленческого учета и управления затратами.

Ключевые показатели эффективности (KPI) АО «ФПК».

Расчет экономического эффекта.

Бюджетирование и управление бюджетом.

ИТОГОВАЯ АТТЕСТАЦИЯ:
Зачет в форме тестирования и решения кейсов. ";;;60 000,00;112;2 месяца;О;;;;;;;;;;;;;;;;;
Бухгалтерский  учет и и налогообложение;Актуальные вопросы бухгалтерского и налогового учета дебиторской и кредиторской задолженности;;;;;;;5 000,00;72;1 месяц;ЗД;Пример Удостоверения/Лицензия на осуществление образовательной деятельности;;;;;;;;;;;;;;;;
Бухгалтерский  учет и и налогообложение;Актуальные вопросы бухгалтерского и налогового учета расчетов с персоналом по оплате труда;;;;;;;5 000,00;72;1 месяц;ЗД;Пример Удостоверения/Лицензия на осуществление образовательной деятельности;;;;;;;;;;;;;;;;
Бухгалтерский  учет и и налогообложение;Актуальные вопросы бухгалтерского учета доходов и расходов;;;;;;;5 000,00;72;1 месяц;ЗД;Пример Удостоверения/Лицензия на осуществление образовательной деятельности;;;;;;;;;;;;;;;;
Бухгалтерский  учет и и налогообложение;Актуальные вопросы бухгалтерского учета кассовых и банковских операций;;;;;;;5 000,00;72;1 месяц;ЗД;Пример Удостоверения/Лицензия на осуществление образовательной деятельности;;;;;;;;;;;;;;;;
Бухгалтерский  учет и и налогообложение;Актуальные вопросы бухгалтерского и налогового учёта дебиторской и кредиторской задолженности;;;;;;;5 000,00;72;1 месяц;ЗД;Пример Удостоверения/Лицензия на осуществление образовательной деятельности;;;;;;;;;;;;;;;;
Бухгалтерский  учет и и налогообложение;Актуальные вопросы бухгалтерского и налогового учета запасов;;;;;;;5 000,00;72;1 месяц;ЗД;Пример Удостоверения/Лицензия на осуществление образовательной деятельности;;;;;;;;;;;;;;;;
Бухгалтерский  учет и и налогообложение;Актуальные вопросы бухгалтерского и налогового учета нематериальных активов;;;;;;;5 000,00;72;1 месяц;ЗД;Пример Удостоверения/Лицензия на осуществление образовательной деятельности;;;;;;;;;;;;;;;;
Бухгалтерский  учет и и налогообложение;Актуальные вопросы бухгалтерского и налогового учета основных средств;;;;;;;5 000,00;72;1 месяц;ЗД;Пример Удостоверения/Лицензия на осуществление образовательной деятельности;;;;;;;;;;;;;;;;
Бухгалтерский  учет и и налогообложение;"Актуальные вопросы составления бухгалтерской (финансовой) отчетности в соответствии с Федеральным стандартом бухгалтерского учета 
 ФСБУ 4/2023 «Бухгалтерская (финансовая) отчетность»";;;;;;;5 000,00;72;1 месяц;ЗД;Пример Удостоверения/Лицензия на осуществление образовательной деятельности;;;;;;;;;;;;;;;;
Бухгалтерский  учет и и налогообложение;Инвентаризация имущества и обязательств ОАО «РЖД» и отражение ее результатов в бухгалтерском и налоговом учете с учетом требований нового Федерального стандарта бухгалтерского учета ФСБУ 28/2023 «Инвентаризация»;;;;;;;5 000,00;72;1 месяц;ЗД;Пример Удостоверения/Лицензия на осуществление образовательной деятельности;;;;;;;;;;;;;;;;
Бухгалтерский  учет и и налогообложение;Капитализируемые и некапитализируемые затраты на капитальный ремонт основных средств в ОАО «РЖД»;;;;;;;5 000,00;72;1 месяц;ЗД;Пример Удостоверения/Лицензия на осуществление образовательной деятельности;;;;;;;;;;;;;;;;
Бухгалтерский  учет и и налогообложение;Налоговый учет и сводная налоговая отчетность ОАО «РЖД»;;;;;;;5 000,00;72;1 месяц;ЗД;Пример Удостоверения/Лицензия на осуществление образовательной деятельности;;;;;;;;;;;;;;;;
Управление закупками ;"Управление закупками в ОАО ""РЖД""";Программа повышения квалификации для руководителей и специалистов, причастных к закупочной деятельности. Направлена на совершенствование профессиональных компетенций в рамках Федерального закона № 223-ФЗ, освоение корпоративных стандартов и эффективное использование автоматизированных систем для управления закупками в холдинге «Российские железные дороги».;Программа разработана Институтом экономики и финансов РУТ (МИИТ)  в соответствии с профессиональным стандартом «Специалист в сфере закупок» и требованиями Федерального государственного образовательного стандарта. Она направлена на формирование у слушателей комплексных знаний и практических навыков для эффективной работы в системе закупок ОАО «РЖД».;Руководители и специалисты, причастные к закупочной деятельности, имеющие высшее и (или) среднее профессиональное образование.;"Основы закупочной деятельности. Система закупок холдинга «РЖД» - 2 часа

Правовое обеспечение закупочной деятельности - 4 часа

Планирование закупочной деятельности - 8 часов

Осуществление закупок - 22 часа

Заключение и исполнение договора - 14 часа

Учет, контроль и анализ закупочной деятельности и защита прав участников - 14 часов

Закупочная деятельность дочерних обществ ОАО «РЖД» - 4 часа

Автоматизация процесса закупок - 2 часа

Итоговая аттестация - 2 часа

ИТОГОВАЯ АТТЕСТАЦИЯ:
Зачет в форме компьютерного тестирования.

Продолжительность: 40 минут.";;;25 200,00;72;1 месяц;ОЗ;Пример Удостоверения/Лицензия на осуществление образовательной деятельности;;;;;;;;;;;;;;;;
Организация закупочной деятельности компании;Экономическое сопровождение договорной деятельности;Программа повышения квалификации для руководителей и специалистов в сфере договорной и претензионной работы. Направлена на совершенствование профессиональных компетенций в области формирования, согласования, исполнения договоров, оценки налоговых рисков и ведения претензионной работы.;Программа разработана Институтом экономики и финансов РУТ (МИИТ)  с учетом требований профессионального стандарта «Инженер-экономист железнодорожного транспорта» и потребностей ОАО «РЖД» в подготовке специалистов, владеющих актуальными методами ведения договорной работы.;Руководители и специалисты организаций, имеющие высшее образование.;"4 ч - Общие положения о гражданско-правовых договорах. Подготовка к заключению договора;                                                                                                                  4 ч - Порядок заключения и исполнения договора. Анализ типичных нарушений;                                                                                                                                        4 ч - Изменение и прекращение договоров;                                                                                                                                                                                                         4 ч - Налоговые последствия и риски при заключении договоров;                                                                                                                                                                    2 ч - Нарушение порядка приемки и оплаты. Ответственность;                                                                                                                                                                        4 ч - Основы закупочной деятельности. Планирование и осуществление закупок                                                                                                                                          2 ч - Итоговая аттестация ( Зачет в форме компьютерного тестирования.)";;;14 500,00;24;3 дня;Очная;;;;;;;;;;;;;;;;;
Управление закупками и коммерческой деятельностью;Взаимодействие с клиентами при продаже и аренде имущества;Программа повышения квалификации для специалистов по управлению недвижимым имуществом. Направлена на развитие профессиональных компетенций в области продаж, ведения переговоров, работы со сложными клиентами и профилактики эмоционального выгорания.;Программа разработана Институтом экономики и финансов РУТ (МИИТ) в соответствии с федеральным государственным образовательным стандартом высшего образования по направлению подготовки 38.03.02 «Менеджмент» и профессиональными потребностями ОАО «РЖД». Ориентирована на формирование у слушателей системных знаний и практических навыков в области эффективного взаимодействия с клиентами при совершении сделок с недвижимостью.;Специалисты по взаимодействию с клиентами в сфере недвижимого имущества, имеющие высшее образование.;"Продажа как система – 8 часов

Деловая этика в переговорах и продажах – 8 часов

Работа с информацией о клиенте – 8 часов

Торги и заключение сделок – 6 часов

Работа с нестандартными и «сложными» собеседниками – 8 часов


ИТОГОВАЯ АТТЕСТАЦИЯ:
Зачет в форме компьютерного тестирования.

2 часа";;;32 800,00;40;5 дней;О;;;;;;;;;;;;;;;;;
Управление инвестициями;Управление инвестиционной деятельностью компании;Программа повышения квалификации для руководителей и специалистов, занимающихся инвестиционными проектами в ОАО «РЖД». Направлена на формирование системных знаний и практических навыков в области управления инвестиционной деятельностью, от оценки эффективности проектов до их реализации и экспертизы.;Программа разработана Институтом экономики и финансов РУТ (МИИТ) в соответствии с профессиональным стандартом «Специалист по работе с инвестиционными проектами» и ориентирована на сотрудников ОАО «РЖД», участвующих в планировании, реализации и контроле инвестиционных проектов.;Специалисты и руководители структурных подразделений ОАО «РЖД» и дочерних компаний, имеющие высшее образование.;"Проблемы оценки макроэкономической эффективности и структурной реформы железнодорожного транспорта - 6 часов

Инвестиционная политика ОАО «РЖД» и стратегия развития до 2030 года - 4 часа

Теоретические и практические аспекты оценки экономической эффективности инвестиционных проектов - 8 часов

Автоматизация расчетов экономической эффективности инвестиционных проектов - 6 часов

Применение проектного управления при реализации инвестиционных проектов в строительстве - 8 часов

Проблемы определения стоимости объектов, законченных капитальным строительством - 4 часа

Бюджетирование на железнодорожном транспорте - 8 часов

Проектное бизнес-планирование - 10 часов

Экспертиза обоснований инвестиционных проектов - 8 часов

Правовые аспекты градостроительной и инвестиционной деятельности - 8 часов                                                                                       2 ч - Итоговая аттестация ( Зачет в форме компьютерного тестирования.)";;;25 200,00;72;1 месяц;Очно-заочная с применением электронного обучения;Пример Удостоверения/Лицензия на осуществление образовательной деятельности;;;;;;;;;;;;;;;;
Управление отраслевыми направлениями;"Развитие профессиональных компетенций руководителей Центральной дирекции инфраструктуры - филиала ОАО ""РЖД"" в хозяйстве автоматики и телемеханики";Программа повышения квалификации для руководителей и специалистов хозяйства автоматики и телемеханики Центральной дирекции инфраструктуры. Направлена на развитие компетенций в области культуры безопасности, управления в стрессовых ситуациях, организации технического обслуживания и ремонта устройств и систем ЖАТ, а также ведения технической документации.;Программа разработана Институтом экономики и финансов РУТ (МИИТ) в соответствии с Моделью профессиональных компетенций и Профилями типовых должностей для работников хозяйства автоматики и телемеханики ЦДИ. Ориентирована на систематизацию знаний и развитие навыков в области управления, безопасности и технической эксплуатации устройств ЖАТ.;Руководители и специалисты хозяйства автоматики и телемеханики ЦДИ: начальники, главные инженеры, заместители начальников служб и дистанций СЦБ, а также работники, состоящие в кадровом резерве на указанные должности.;"Культура безопасности – 4 часа

Принятие эффективных управленческих решений в стрессовых ситуациях – 4 часа

Автоматика и телемеханика – 30 часов

ИТОГОВАЯ АТТЕСТАЦИЯ:
Зачет в форме компьютерного тестирования.

2 часа";;;30 000,00;40;2 недели;ОЗ;Пример Удостоверения/Лицензия на осуществление образовательной деятельности;;;;;;;;;;;;;;;;
Управление отраслевыми направлениями;"Развитие профессиональных компетенций руководителей Центральной дирекции инфраструктуры - филиала ОАО ""РЖД"" для хозяйства пути";Программа повышения квалификации для руководителей и специалистов хозяйства пути и сооружений Центральной дирекции инфраструктуры. Направлена на систематизацию знаний в области управления, текущего содержания пути и искусственных сооружений, развития управленческих компетенций и культуры безопасности в соответствии с корпоративными стандартами ОАО «РЖД».;Программа разработана Институтом экономики и финансов РУТ (МИИТ) в соответствии с федеральными образовательными стандартами, Моделью профессиональных компетенций ОАО «РЖД» и ориентирована на формирование у слушателей системных знаний в области управления путевым хозяйством, безопасности и эффективного принятия решений.;"Руководители и специалисты хозяйства пути и сооружений ЦДИ: начальники, главные инженеры, заместители начальников служб, дистанций пути, инженерных сооружений, инфраструктуры.

Сотрудники, состоящие в кадровом резерве на указанные должности.";"Культура безопасности – 4 часа

Принятие эффективных управленческих решений в стрессовых ситуациях – 4 часа

Путь и путевое хозяйство – 30 часов

ИТОГОВАЯ АТТЕСТАЦИЯ:
Зачет в форме компьютерного тестирования.
Продолжительность: 2 часа.
";;;30 000,00;40;2 недели;ОЗ;Пример Удостоверения/Лицензия на осуществление образовательной деятельности;;;;;;;;;;;;;;;;
Управление отраслевыми направлениями;"Развитие профессиональных компетенций руководителей Центральной дирекции инфраструктуры - филиала ОАО ""РЖД"" для вагонного хозяйства";Программа повышения квалификации для руководителей и специалистов вагонного хозяйства Центральной дирекции инфраструктуры. Направлена на систематизацию знаний в области управления, технического обслуживания и ремонта вагонов, развития управленческих компетенций и культуры безопасности в соответствии с корпоративными стандартами ОАО «РЖД».;Программа разработана Институтом экономики и финансов РУТ (МИИТ) в соответствии с федеральными образовательными стандартами, Моделью профессиональных компетенций ОАО «РЖД» и ориентирована на формирование у слушателей системных знаний в области управления вагонным хозяйством, его технической эксплуатации и обеспечения безопасности.;"Руководители и специалисты вагонного хозяйства ЦДИ: начальники, главные инженеры, заместители начальников служб вагонного хозяйства дирекций инфраструктуры.

Руководители вагонных, вагоноремонтных и эксплуатационных вагонных депо.

Сотрудники, состоящие в кадровом резерве на указанные должности.";"Культура безопасности – 4 часа

Принятие эффективных управленческих решений в стрессовых ситуациях – 4 часа

Вагоны и вагонное хозяйство – 30 часов

ИТОГОВАЯ АТТЕСТАЦИЯ:
Зачет в форме компьютерного тестирования.
Продолжительность: 2 часа.";;;30 000,00;40;2 недели;ОЗ;Пример Удостоверения/Лицензия на осуществление образовательной деятельности;;;;;;;;;;;;;;;;
Управление отраслевыми направлениями;"Привлечение клиентов с помощью ""Продающих"" текстов (копирайтинг)";;;;;;;32 800,00;24;3 дня;О;Пример Удостоверения/Лицензия на осуществление образовательной деятельности;;;;;;;;;;;;;;;;
Управление отраслевыми направлениями;Технологический аудит для руководителей;Программа повышения квалификации для руководителей, направленная на углубленное изучение методологии технологического аудита, управления процессами и рисками в рамках производственной деятельности ОАО «РЖД». Ориентирована на формирование системного подхода к управлению, оптимизации бизнес-процессов и внедрению риск-ориентированного подхода в управленческую практику.;Программа разработана для руководителей, ответственных за организацию производственной деятельности и внедрение эффективных систем управления. Включает изучение регламентной базы, современных инструментов управления процессами, методов клиентоориентированности и риск-менеджмента. Направлена на развитие навыков анализа, оптимизации и контроля бизнес-процессов в соответствии с корпоративными стандартами ОАО «РЖД».;Руководители подразделений, участвующие в организации технологического аудита, управлении процессами и рисками.;"УЧЕБНЫЙ ПЛАН
Программа включает 5 ключевых модулей:

Основные регламентные документы в области технологического аудита (16 часов)
Изучение корпоративных стандартов и методик проведения технологического аудита в ОАО «РЖД».

Актуальные инструменты управления производственной деятельностью (16 часов)

Формализованное описание и анализ сквозных бизнес-процессов.

Выявление внутренних и внешних потерь.

Оценка влияния оптимизации процессов на удовлетворенность клиентов.

Управление спросом на перевозки на принципах клиентоориентированности (16 часов)

Анализ показателей качества обслуживания.

Организация обратной связи и работа с обращениями клиентов.

Методы исследования удовлетворенности и адаптации к динамике спроса.

Риск-ориентированный подход к управлению перевозочным процессом (16 часов)

Корпоративная система управления рисками.

Методика оценки и управления внутренними и внешними рисками.

Практическое применение инструментов риск-менеджмента на примере бизнес-процессов.

ИТОГОВАЯ АТТЕСТАЦИЯ:
2 часа";;;33 000,00;66;3 недели;ЗД;Пример Удостоверения/Лицензия на осуществление образовательной деятельности;;;;;;;;;;;;;;;;
Управление отраслевыми направлениями;Технологический аудит для специалистов;Программа повышения квалификации для специалистов, направленная на формирование компетенций в области технологического аудита производственных процессов. Ориентирована на изучение регламентной базы, процессного подхода, клиентоориентированности и управления рисками в соответствии с корпоративными стандартами ОАО «РЖД».;Программа разработана для углубленного изучения методологии технологического аудита, управления процессами и рисками в рамках производственной деятельности. Направлена на практическое применение инструментов анализа и оптимизации бизнес-процессов, включая работу в среде ARIS, оценку клиентоориентированности и управление рисками.;Специалисты, участвующие в организации и проведении технологического аудита, управлении процессами и рисками.;"УЧЕБНЫЙ ПЛАН
Программа включает 5 ключевых модулей:

Основные регламентные документы в области технологического аудита (16 часов)
Изучение корпоративных стандартов и методик проведения технологического аудита в ОАО «РЖД».

Процессный подход как основная концепция управления (16 часов)

Работа в среде ARIS для описания бизнес-процессов.

Выявление и анализ потерь в процессах.

Практическое упражнение по оптимизации грузовых операций.

Основные принципы клиентоориентированности (16 часов)

Показатели качества обслуживания.

Обратная связь и работа с обращениями клиентов.

Методы исследования удовлетворённости и адаптации к динамике спроса.

Инструменты управления рисками (16 часов)

Корпоративная система управления рисками.

Этапы процесса управления рисками: анализ, оценка, идентификация.

Практическое упражнение по разработке карты рисков и контрольных процедур.



ИТОГОВАЯ АТТЕСТАЦИЯ:
2 часа";;;33 000,00;66;3 недели;ОЗ;Пример Удостоверения/Лицензия на осуществление образовательной деятельности;;;;;;;;;;;;;;;;
Управление строительством и сметное ценообразование;Актуальные вопросы ценообразования и проверки соответствия проведённых строительных работ проектно-сметной документации;Программа повышения квалификации для руководителей и специалистов, занимающихся сметным ценообразованием и проверкой строительных работ. Направлена на совершенствование профессиональных компетенций в области применения современной сметно-нормативной базы, формирования сметной документации и проверки её соответствия проектным решениям в условиях реформы ценообразования.;Программа разработана Институтом экономики и финансов РУТ (МИИТ) в соответствии с профессиональным стандартом «Специалист по сметному ценообразованию на этапе архитектурно-строительного проектирования» и ориентирована на формирование у слушателей системных знаний в области актуальных методов определения и проверки сметной стоимости строительства.;Специалисты и руководители структурных подразделений, занимающиеся вопросами ценообразования и сметного нормирования.;"Система ценообразования и сметного нормирования в строительстве – 12 часов

Сметно-нормативная база определения стоимости строительства и реконструкции объектов железнодорожного транспорта – 6 часов

Формирование сметной документации при определении стоимости строительства и реконструкции объектов железнодорожного транспорта – 4 часа

ИТОГОВАЯ АТТЕСТАЦИЯ:
Зачет в форме компьютерного тестирования.

2 часа";;;14 000,00;24;3 дня;О;Пример Удостоверения/Лицензия на осуществление образовательной деятельности;;;;;;;;;;;;;;;;
Управление строительством и сметное ценообразование;Проект организации строительства;Программа повышения квалификации для руководителей и специалистов проектных институтов, занимающихся разработкой разделов Проекта организации строительства (ПОС). Направлена на совершенствование профессиональных компетенций в области норм градостроительного законодательства, требований к разработке ПОС, прохождения государственной и ведомственной экспертиз, а также управления проектами в строительстве.;Программа разработана Институтом экономики и финансов РУТ (МИИТ) в соответствии с профессиональным стандартом «Специалист по организации архитектурно-строительного проектирования» и ориентирована на формирование у слушателей системных знаний и практических навыков в области разработки, оформления и экспертизы Проекта организации строительства (ПОС) для объектов транспортной инфраструктуры.;Руководители и специалисты организаций, имеющие высшее образование;"Основы правового регулирования градостроительной деятельности в РФ – 12 часов

Требования к разработке ПОС объектов капитального строительства – 24 часа

Практика применения правил разработки разделов ПОС. Особенности экспертизы – 2 часа

Практические вопросы и типичные замечания при прохождении государственной экспертизы проекта – 4 часа

Законодательная и нормативная база в области ценообразования и сметной стоимости строительства – 6 часов

Ведомственная экспертиза сметной документации и ПОС в ОАО «РЖД» – 4 часа

Обеспечение требований в области охраны окружающей среды при разработке раздела ПОС – 8 часа

Системный подход в проектном управлении. Управление временем и рисками проекта – 10 часов

ИТОГОВАЯ АТТЕСТАЦИЯ:
Зачет в форме тестирования.

2 часа";;;25 200,00;72;1 месяц;ОЗ;;;;;;;;;;;;;;;;;
Управление строительством и сметное ценообразование;"Система ценообразования ОАО ""РЖД"" в строительстве. Определение сметной стоимости реконструкции и строительства объектов железнодорожного транспорта";Программа повышения квалификации для руководителей и специалистов, занятых в сфере планово-экономического обеспечения строительства. Направлена на совершенствование компетенций в области ценообразования, сметного нормирования и аудита затрат на реконструкцию и строительство объектов инфраструктуры железнодорожного транспорта с учетом отраслевых особенностей ОАО «РЖД».;Программа разработана Институтом экономики и финансов РУТ (МИИТ) в соответствии с профессиональным стандартом «Специалист в области планово-экономического обеспечения строительного производства» и направлена на углубленное изучение системы ценообразования и сметного нормирования ОАО «РЖД».;Специалисты и руководители структурных подразделений ОАО «РЖД» и дочерних компаний.;"14 ч - Государственное техническое регулирование строительства;                                                                              4 ч - Система ценообразования и сметного нормирования в строительстве;                                                                        6 ч -  Актуальные вопросы применения федеральных нормативных документов в ценообразовании;                                                       4 ч - Порядок разработки и применения укрупненных сметных нормативов;                                                               12 ч - Актуальные вопросы сметного нормирования и ценообразования;                                                                  2 ч - Оформление сметной документации;                                                                                                                 6 ч - Состав сводного сметного расчёта стоимости строительства. Особенности определения затрат;                                                       2 ч - Формирование договорной цены и расчеты за выполненные работы;                                                             4 ч - Экспертиза проектно-сметной документации;                                                                                                          6 ч - Ведомственная экспертиза сметной документации по объектам железнодорожного транспорта;                                                                        6 ч - Влияние проекта организации строительства (ПОС) на сметную стоимость;                                               4 ч - Определение стоимости капитального ремонта объектов инфраструктуры ж.д. транспорта                                                             2 ч - Итоговая аттестация ( Зачет в форме компьютерного тестирования.)";;;25 600,00;72;1 месяц 1 неделя;Очно-заочная с применением электронного обучения;Пример Удостоверения/Лицензия на осуществление образовательной деятельности;;;;;;;;;;;;;;;;
Управление строительством и сметное ценообразование;"Ценообразование и сметное нормирование в строительстве с учетом отраслевой специфики ОАО ""РЖД""";Программа повышения квалификации для специалистов и руководителей структурных подразделений ОАО «РЖД». Направлена на совершенствование компетенций в области определения сметной стоимости строительства, применения современных методов ценообразования и сметного нормирования с учетом специфики объектов железнодорожной инфраструктуры.;Программа разработана Институтом экономики и финансов РУТ (МИИТ) в соответствии с профессиональным стандартом «Специалист в области планово-экономического обеспечения строительного производства». Ориентирована на формирование у слушателей практических навыков работы со сметной документацией, применения нормативных баз и современных информационных систем ценообразования.;Специалисты и руководители структурных подразделений ОАО «РЖД» и дочерних компаний.;"Влияние проекта организации строительства (ПОС) на сметную стоимость - 10 часов

Основные положения системы ценообразования и сметного нормирования в строительстве - 10 часов

Формирование сметной стоимости строительной продукции базисно-индексным методом - 28 часов

Определение сметной стоимости строительства ресурсно-индексным методом - 22 часов

Порядок формирования НМЦ договора при осуществлении закупок подрядных работ - 12 часов

Круглый стол – обсуждение актуальных вопросов - 2 часа

ИТОГОВАЯ АТТЕСТАЦИЯ:
Зачет в форме тестирования и выполнения практических заданий.

Критерий оценки «Зачтено»: 70% и более правильных ответов в тесте и решение 1-го и более практических заданий.

Предусмотрено 2 попытки пересдачи.";;;28 000,00;92;1 месяц 2 недели;ОЗ;Пример Удостоверения/Лицензия на осуществление образовательной деятельности;;;;;;;;;;;;;;;;
Управление строительством и сметное ценообразование;"Экспертиза проектной документации с учётом регламента формирования и реализации инвестиционной программы ОАО ""РЖД"". Менеджмент инвестиционного процесса";Программа повышения квалификации для руководителей и специалистов, участвующих в инвестиционно-строительных проектах. Направлена на формирование компетенций в области проведения внутренней экспертизы проектной документации, проверки сметной стоимости и управления инвестиционными процессами в соответствии с регламентами ОАО «РЖД».;Программа разработана Институтом экономики и финансов РУТ (МИИТ) совместно с Управлением комплексной экспертизы проектов (ЦУЭП) ОАО «РЖД» в соответствии с профессиональным стандартом «Специалист в области экспертизы проектной документации и результатов инженерных изысканий» и федеральным государственным образовательным стандартом высшего образования по направлению подготовки 38.03.02 «Менеджмент». Ориентирована на углубленное изучение нормативной базы и практических аспектов экспертизы в холдинге.;Лица, имеющие высшее образование (руководители и специалисты, участвующие в подготовке, экспертизе и реализации инвестиционных проектов).;"Порядок разработки проектной документации – 18 часов

Порядок организации работ по проведению экспертизы в ОАО «РЖД» – 46 часов


ИТОГОВАЯ АТТЕСТАЦИЯ:
Итоговое тестирование и защита заключения технико-технологической экспертизы.

8 часов

";;;26 000,00;72;1 месяц 1 неделя;ОЗ;Пример Удостоверения/Лицензия на осуществление образовательной деятельности;;;;;;;;;;;;;;;;
Управление строительством и сметное ценообразование;Актуальные вопросы сметного нормирования и ценообразования;;;;;;;28 000,00;72;3 недели;ОЗ;Пример Удостоверения/Лицензия на осуществление образовательной деятельности;;;;;;;;;;;;;;;;
Управление строительством и сметное ценообразование;Архитектурно-строительное проектирование, строительство и реконструкция объектов капитального строительства;ядиск;;;;;;28 000,00;72;3 недели;ОЗ;Пример Удостоверения/Лицензия на осуществление образовательной деятельности;;;;;;;;;;;;;;;;
Цифровая трансформация;Цифровая трансформация в экономике;Программа разработана в рамках стратегического академического лидерства «Приоритет 2030» и направлена на формирование системного понимания цифровой трансформации, современных технологий и их практического применения в экономике и на транспорте.;"ЧЕМУ ВЫ НАУЧИТЕСЬ:

Понимать сущность цифровой экономики и нормативную базу

Разбираться в ключевых технологиях: ИИ, блокчейн, Интернет вещей

Применять цифровые решения в отраслевом контексте, включая транспорт и финансы

Анализировать платформенные бизнес-модели и тренды потребительского поведения";Руководители и специалисты, стремящиеся освоить цифровые технологии и их применение в бизнес-процессах;"Цифровая экономика: сущность и национальная программа

Цифровые технологии - основа трансформации

Отраслевая специфика цифровой трансформации

Цифровые технологии бизнес-процессов на транспорте

Цифровые технологии в финансовой сфере

Платформенная экономика

Трансформация социально-экономических процессов

Трансформация потребительского поведения и маркетинга";;;Бесплатно (ПРИОРИТЕТ 2030);36;3 недели;ЗД;Пример Удостоверения/Лицензия на осуществление образовательной деятельности;;;;;;;;;;;;;;;;
Цифровая трансформация;Цифровые трансформации (?);;;;;;;25 000,00;72;1 месяц;ОЗ;Пример Удостоверения/Лицензия на осуществление образовательной деятельности;;;;;;;;;;;;;;;;
Экономическая безопасность и правовой контроль;Экономическая безопасность транспортных компаний и комплексов;Программа повышения квалификации для специалистов в сфере внутреннего контроля и экономической безопасности. Направлена на формирование компетенций по выявлению, оценке и нейтрализации угроз экономической безопасности транспортных компаний в соответствии с профессиональными стандартами и регламентами ОАО «РЖД».;Программа разработана Институтом экономики и финансов РУТ (МИИТ) в соответствии с профессиональным стандартом «Специалист по внутреннему контролю (внутренний контролер)» и федеральным государственным образовательным стандартом высшего образования по направлению подготовки 38.03.01 «Экономика». Ориентирована на освоение методологии оценки и управления экономической безопасностью на отраслевом и корпоративном уровнях.;Лица, имеющие высшее образование (руководители и специалисты, ответственные за внутренний контроль и экономическую безопасность).;"Основы экономической безопасности железнодорожной отрасли – 36 часов

Методика оценки экономической безопасности на уровне хозяйствующего субъекта – 34 часов


ИТОГОВАЯ АТТЕСТАЦИЯ:
Зачет в форме компьютерного тестирования.

2 часа";;;25 000,00;72;1 месяц;ОЗ;;;;;;;;;;;;;;;;;
Экономическая безопасность и правовой контроль;Актуальные вопросы соблюдения антимонопольного законодательства;Программа повышения квалификации для руководителей и специалистов, причастных к закупочной деятельности. Направлена на совершенствование профессиональных компетенций в сфере антимонопольного регулирования, профилактики нарушений и минимизации рисков при проведении закупок в соответствии с требованиями законодательства.;Программа разработана Институтом экономики и финансов РУТ (МИИТ) в соответствии с профессиональным стандартом «Специалист в сфере закупок» и ориентирована на формирование у слушателей системных знаний в области антимонопольного законодательства и его практического применения.;Руководители и специалисты, причастные к закупочной деятельности, имеющие высшее образование.;"Контроль закупочной деятельности. Полномочия ФАС и судов. Ответственность - 2 часа

Выявление и профилактика картелей в условиях цифровой экономики - 2 часа

Внутрикорпоративное предупреждение нарушений при проверках - 4 часа

Современные концепции ценообразования и госрегулирование тарифов - 4 часа

Опыт зарубежных транспортных компаний в тарифообразовании - 2 часа

Особенности тарифообразования на ж/д транспорте и антимонопольное законодательство - 2 часа

Основы закупочной деятельности: планирование и осуществление - 2 часа

Заключение и исполнение договора в сфере закупок - 4 часа

ИТОГОВАЯ АТТЕСТАЦИЯ:
Зачет в форме компьютерного тестирования.

2 часа

";;;15 000,00;24;3 дня;Очная;;;;;;;;;;;;;;;;;
Экономическая безопасность и правовой контроль;Экономическая безопасность;Программа повышения квалификации для руководителей и специалистов экономических служб. Направлена на совершенствование компетенций в области выявления и нейтрализации угроз экономической безопасности, построения безопасной договорной работы и обеспечения информационной защиты в современных условиях.;Программа разработана Институтом экономики и финансов РУТ (МИИТ) в соответствии с федеральным государственным образовательным стандартом высшего образования по направлению подготовки 38.05.01 «Экономическая безопасность». Ориентирована на практическое применение методов обеспечения экономической безопасности в условиях современных вызовов.;Лица, имеющие высшее образование (руководители и специалисты планово-экономических отделов, экономисты, инженеры-экономисты).;"Актуальные угрозы и риски экономической безопасности – 8 часов

Кадровая политика в современных условиях – 6 часов

Особенности построения безопасной договорной работы – 10 часов

Информационная и цифровая безопасность – 10 часов

ИТОГОВАЯ АТТЕСТАЦИЯ:
Зачет в форме тестирования и выполнения практических заданий.

2 часа";;;по запросу;36;3 недели;ЗД;Пример Удостоверения/Лицензия на осуществление образовательной деятельности;;;;;;;;;;;;;;;;
;;;;;;;;;;;;;;;;;;;;;;;;;;;;
;;;;;;;;;;;;;;;;;;;;;;;;;;;;
;;;;;;;;;;;;;;;;;;;;;;;;;;;;
;;;;;;;;;;;;;;;;;;;;;;;;;;;;
;;;;;;;;;;;;;;;;;;;;;;;;;;;;
;;;;;;;;;;;;;;;;;;;;;;;;;;;;
https://do.rea.ru/povyshenie-kvalifikatsii/sborka-bespilotnykh-vozdushnykh-sudov-massoy-do-30-kg-g-sevastopol;;;;;;;;;;;;;;;;;;;;;;;;;;;;
;;;;;;;;;;;;;;;;;;;;;;;;;;;;
;;;;;;;;;;;;;;;;;;;;;;;;;;;;
;;;;;;;;;;;;;;;;;;;;;;;;;;;;
;;;;;;;;;;;;;;;;;;;;;;;;;;;;
;;;;;;;;;;;;;;;;;;;;;;;;;;;;
;;;;;;;;;;;;;;;;;;;;;;;;;;;;
;;;;;;;;;;;;;;;;;;;;;;;;;;;;
;;;;;;;;;;;;;;;;;;;;;;;;;;;;
;;;;;;;;;;;;;;;;;;;;;;;;;;;;
;;;;;;;;;;;;;;;;;;;;;;;;;;;;
;;;;;;;;;;;;;;;;;;;;;;;;;;;;
;;;;;;;;;;;;;;;;;;;;;;;;;;;;
;;;;;;;;;;;;;;;;;;;;;;;;;;;;
;;;;;;;;;;;;;;;;;;;;;;;;;;;;
;;;;;;;;;;;;;;;;;;;;;;;;;;;;
;;;;;;;;;;;;;;;;;;;;;;;;;;;;
;;;;;;;;;;;;;;;;;;;;;;;;;;;;
;;;;;;;;;;;;;;;;;;;;;;;;;;;;
;;;;;;;;;;;;;;;;;;;;;;;;;;;;
;;;;;;;;;;;;;;;;;;;;;;;;;;;;
;;;;;;;;;;;;;;;;;;;;;;;;;;;;
;;;;;;;;;;;;;;;;;;;;;;;;;;;;
;;;;;;;;;;;;;;;;;;;;;;;;;;;;
;;;;;;;;;;;;;;;;;;;;;;;;;;;;
;;;;;;;;;;;;;;;;;;;;;;;;;;;;
;;;;;;;;;;;;;;;;;;;;;;;;;;;;
;;;;;;;;;;;;;;;;;;;;;;;;;;;;
;;;;;;;;;;;;;;;;;;;;;;;;;;;;
;;;;;;;;;;;;;;;;;;;;;;;;;;;;
;;;;;;;;;;;;;;;;;;;;;;;;;;;;
;;;;;;;;;;;;;;;;;;;;;;;;;;;;
;;;;;;;;;;;;;;;;;;;;;;;;;;;;
;;;;;;;;;;;;;;;;;;;;;;;;;;;;
;;;;;;;;;;;;;;;;;;;;;;;;;;;;
;;;;;;;;;;;;;;;;;;;;;;;;;;;;
;;;;;;;;;;;;;;;;;;;;;;;;;;;;
;;;;;;;;;;;;;;;;;;;;;;;;;;;;
;;;;;;;;;;;;;;;;;;;;;;;;;;;;
;;;;;;;;;;;;;;;;;;;;;;;;;;;;
;;;;;;;;;;;;;;;;;;;;;;;;;;;;
;;;;;;;;;;;;;;;;;;;;;;;;;;;;
;;;;;;;;;;;;;;;;;;;;;;;;;;;;
;;;;;;;;;;;;;;;;;;;;;;;;;;;;
;;;;;;;;;;;;;;;;;;;;;;;;;;;;
;;;;;;;;;;;;;;;;;;;;;;;;;;;;
;;;;;;;;;;;;;;;;;;;;;;;;;;;;
;;;;;;;;;;;;;;;;;;;;;;;;;;;;
;;;;;;;;;;;;;;;;;;;;;;;;;;;;
;;;;;;;;;;;;;;;;;;;;;;;;;;;;
;;;;;;;;;;;;;;;;;;;;;;;;;;;;
;;;;;;;;;;;;;;;;;;;;;;;;;;;;
;;;;;;;;;;;;;;;;;;;;;;;;;;;;
;;;;;;;;;;;;;;;;;;;;;;;;;;;;
;;;;;;;;;;;;;;;;;;;;;;;;;;;;
;;;;;;;;;;;;;;;;;;;;;;;;;;;;
;;;;;;;;;;;;;;;;;;;;;;;;;;;;
;;;;;;;;;;;;;;;;;;;;;;;;;;;;
;;;;;;;;;;;;;;;;;;;;;;;;;;;;
;;;;;;;;;;;;;;;;;;;;;;;;;;;;
;;;;;;;;;;;;;;;;;;;;;;;;;;;;
;;;;;;;;;;;;;;;;;;;;;;;;;;;;
;;;;;;;;;;;;;;;;;;;;;;;;;;;;
;;;;;;;;;;;;;;;;;;;;;;;;;;;;
;;;;;;;;;;;;;;;;;;;;;;;;;;;;
;;;;;;;;;;;;;;;;;;;;;;;;;;;;
;;;;;;;;;;;;;;;;;;;;;;;;;;;;
;;;;;;;;;;;;;;;;;;;;;;;;;;;;
;;;;;;;;;;;;;;;;;;;;;;;;;;;;
;;;;;;;;;;;;;;;;;;;;;;;;;;;;
;;;;;;;;;;;;;;;;;;;;;;;;;;;;
;;;;;;;;;;;;;;;;;;;;;;;;;;;;
;;;;;;;;;;;;;;;;;;;;;;;;;;;;
;;;;;;;;;;;;;;;;;;;;;;;;;;;;
;;;;;;;;;;;;;;;;;;;;;;;;;;;;
;;;;;;;;;;;;;;;;;;;;;;;;;;;;
;;;;;;;;;;;;;;;;;;;;;;;;;;;;
;;;;;;;;;;;;;;;;;;;;;;;;;;;;
;;;;;;;;;;;;;;;;;;;;;;;;;;;;
;;;;;;;;;;;;;;;;;;;;;;;;;;;;
;;;;;;;;;;;;;;;;;;;;;;;;;;;;
;;;;;;;;;;;;;;;;;;;;;;;;;;;;
;;;;;;;;;;;;;;;;;;;;;;;;;;;;
;;;;;;;;;;;;;;;;;;;;;;;;;;;;
;;;;;;;;;;;;;;;;;;;;;;;;;;;;
;;;;;;;;;;;;;;;;;;;;;;;;;;;;
;;;;;;;;;;;;;;;;;;;;;;;;;;;;
;;;;;;;;;;;;;;;;;;;;;;;;;;;;
;;;;;;;;;;;;;;;;;;;;;;;;;;;;
;;;;;;;;;;;;;;;;;;;;;;;;;;;;
;;;;;;;;;;;;;;;;;;;;;;;;;;;;
;;;;;;;;;;;;;;;;;;;;;;;;;;;;
;;;;;;;;;;;;;;;;;;;;;;;;;;;;
;;;;;;;;;;;;;;;;;;;;;;;;;;;;
;;;;;;;;;;;;;;;;;;;;;;;;;;;;
;;;;;;;;;;;;;;;;;;;;;;;;;;;;
;;;;;;;;;;;;;;;;;;;;;;;;;;;;
;;;;;;;;;;;;;;;;;;;;;;;;;;;;
;;;;;;;;;;;;;;;;;;;;;;;;;;;;
;;;;;;;;;;;;;;;;;;;;;;;;;;;;
;;;;;;;;;;;;;;;;;;;;;;;;;;;;
;;;;;;;;;;;;;;;;;;;;;;;;;;;;
;;;;;;;;;;;;;;;;;;;;;;;;;;;;
;;;;;;;;;;;;;;;;;;;;;;;;;;;;
;;;;;;;;;;;;;;;;;;;;;;;;;;;;
;;;;;;;;;;;;;;;;;;;;;;;;;;;;
;;;;;;;;;;;;;;;;;;;;;;;;;;;;
;;;;;;;;;;;;;;;;;;;;;;;;;;;;
;;;;;;;;;;;;;;;;;;;;;;;;;;;;
;;;;;;;;;;;;;;;;;;;;;;;;;;;;
;;;;;;;;;;;;;;;;;;;;;;;;;;;;
;;;;;;;;;;;;;;;;;;;;;;;;;;;;
;;;;;;;;;;;;;;;;;;;;;;;;;;;;
;;;;;;;;;;;;;;;;;;;;;;;;;;;;
;;;;;;;;;;;;;;;;;;;;;;;;;;;;
;;;;;;;;;;;;;;;;;;;;;;;;;;;;
;;;;;;;;;;;;;;;;;;;;;;;;;;;;
;;;;;;;;;;;;;;;;;;;;;;;;;;;;
;;;;;;;;;;;;;;;;;;;;;;;;;;;;
;;;;;;;;;;;;;;;;;;;;;;;;;;;;
;;;;;;;;;;;;;;;;;;;;;;;;;;;;
;;;;;;;;;;;;;;;;;;;;;;;;;;;;
;;;;;;;;;;;;;;;;;;;;;;;;;;;;
;;;;;;;;;;;;;;;;;;;;;;;;;;;;
;;;;;;;;;;;;;;;;;;;;;;;;;;;;
;;;;;;;;;;;;;;;;;;;;;;;;;;;;
;;;;;;;;;;;;;;;;;;;;;;;;;;;;
;;;;;;;;;;;;;;;;;;;;;;;;;;;;
;;;;;;;;;;;;;;;;;;;;;;;;;;;;
;;;;;;;;;;;;;;;;;;;;;;;;;;;;
;;;;;;;;;;;;;;;;;;;;;;;;;;;;
;;;;;;;;;;;;;;;;;;;;;;;;;;;;
;;;;;;;;;;;;;;;;;;;;;;;;;;;;
;;;;;;;;;;;;;;;;;;;;;;;;;;;;
;;;;;;;;;;;;;;;;;;;;;;;;;;;;
;;;;;;;;;;;;;;;;;;;;;;;;;;;;
;;;;;;;;;;;;;;;;;;;;;;;;;;;;
;;;;;;;;;;;;;;;;;;;;;;;;;;;;
;;;;;;;;;;;;;;;;;;;;;;;;;;;;
;;;;;;;;;;;;;;;;;;;;;;;;;;;;
;;;;;;;;;;;;;;;;;;;;;;;;;;;;
;;;;;;;;;;;;;;;;;;;;;;;;;;;;
;;;;;;;;;;;;;;;;;;;;;;;;;;;;
;;;;;;;;;;;;;;;;;;;;;;;;;;;;
;;;;;;;;;;;;;;;;;;;;;;;;;;;;
;;;;;;;;;;;;;;;;;;;;;;;;;;;;
;;;;;;;;;;;;;;;;;;;;;;;;;;;;
;;;;;;;;;;;;;;;;;;;;;;;;;;;;
;;;;;;;;;;;;;;;;;;;;;;;;;;;;
;;;;;;;;;;;;;;;;;;;;;;;;;;;;
;;;;;;;;;;;;;;;;;;;;;;;;;;;;
;;;;;;;;;;;;;;;;;;;;;;;;;;;;
;;;;;;;;;;;;;;;;;;;;;;;;;;;;
;;;;;;;;;;;;;;;;;;;;;;;;;;;;
;;;;;;;;;;;;;;;;;;;;;;;;;;;;
;;;;;;;;;;;;;;;;;;;;;;;;;;;;
;;;;;;;;;;;;;;;;;;;;;;;;;;;;
;;;;;;;;;;;;;;;;;;;;;;;;;;;;
;;;;;;;;;;;;;;;;;;;;;;;;;;;;
;;;;;;;;;;;;;;;;;;;;;;;;;;;;
;;;;;;;;;;;;;;;;;;;;;;;;;;;;
;;;;;;;;;;;;;;;;;;;;;;;;;;;;
;;;;;;;;;;;;;;;;;;;;;;;;;;;;
;;;;;;;;;;;;;;;;;;;;;;;;;;;;
;;;;;;;;;;;;;;;;;;;;;;;;;;;;
;;;;;;;;;;;;;;;;;;;;;;;;;;;;
;;;;;;;;;;;;;;;;;;;;;;;;;;;;
;;;;;;;;;;;;;;;;;;;;;;;;;;;;
;;;;;;;;;;;;;;;;;;;;;;;;;;;;
;;;;;;;;;;;;;;;;;;;;;;;;;;;;
;;;;;;;;;;;;;;;;;;;;;;;;;;;;
;;;;;;;;;;;;;;;;;;;;;;;;;;;;
;;;;;;;;;;;;;;;;;;;;;;;;;;;;
;;;;;;;;;;;;;;;;;;;;;;;;;;;;
;;;;;;;;;;;;;;;;;;;;;;;;;;;;
;;;;;;;;;;;;;;;;;;;;;;;;;;;;
;;;;;;;;;;;;;;;;;;;;;;;;;;;;
;;;;;;;;;;;;;;;;;;;;;;;;;;;;
;;;;;;;;;;;;;;;;;;;;;;;;;;;;
;;;;;;;;;;;;;;;;;;;;;;;;;;;;
;;;;;;;;;;;;;;;;;;;;;;;;;;;;
;;;;;;;;;;;;;;;;;;;;;;;;;;;;
;;;;;;;;;;;;;;;;;;;;;;;;;;;;
;;;;;;;;;;;;;;;;;;;;;;;;;;;;
;;;;;;;;;;;;;;;;;;;;;;;;;;;;
;;;;;;;;;;;;;;;;;;;;;;;;;;;;
;;;;;;;;;;;;;;;;;;;;;;;;;;;;
;;;;;;;;;;;;;;;;;;;;;;;;;;;;
;;;;;;;;;;;;;;;;;;;;;;;;;;;;
;;;;;;;;;;;;;;;;;;;;;;;;;;;;
;;;;;;;;;;;;;;;;;;;;;;;;;;;;
;;;;;;;;;;;;;;;;;;;;;;;;;;;;
;;;;;;;;;;;;;;;;;;;;;;;;;;;;
;;;;;;;;;;;;;;;;;;;;;;;;;;;;
;;;;;;;;;;;;;;;;;;;;;;;;;;;;
;;;;;;;;;;;;;;;;;;;;;;;;;;;;
;;;;;;;;;;;;;;;;;;;;;;;;;;;;
;;;;;;;;;;;;;;;;;;;;;;;;;;;;
;;;;;;;;;;;;;;;;;;;;;;;;;;;;
;;;;;;;;;;;;;;;;;;;;;;;;;;;;
;;;;;;;;;;;;;;;;;;;;;;;;;;;;
;;;;;;;;;;;;;;;;;;;;;;;;;;;;
;;;;;;;;;;;;;;;;;;;;;;;;;;;;
;;;;;;;;;;;;;;;;;;;;;;;;;;;;
;;;;;;;;;;;;;;;;;;;;;;;;;;;;
;;;;;;;;;;;;;;;;;;;;;;;;;;;;
;;;;;;;;;;;;;;;;;;;;;;;;;;;;
;;;;;;;;;;;;;;;;;;;;;;;;;;;;
;;;;;;;;;;;;;;;;;;;;;;;;;;;;
;;;;;;;;;;;;;;;;;;;;;;;;;;;;
;;;;;;;;;;;;;;;;;;;;;;;;;;;;
;;;;;;;;;;;;;;;;;;;;;;;;;;;;
;;;;;;;;;;;;;;;;;;;;;;;;;;;;
;;;;;;;;;;;;;;;;;;;;;;;;;;;;
;;;;;;;;;;;;;;;;;;;;;;;;;;;;
;;;;;;;;;;;;;;;;;;;;;;;;;;;;
;;;;;;;;;;;;;;;;;;;;;;;;;;;;
;;;;;;;;;;;;;;;;;;;;;;;;;;;;
;;;;;;;;;;;;;;;;;;;;;;;;;;;;
;;;;;;;;;;;;;;;;;;;;;;;;;;;;
;;;;;;;;;;;;;;;;;;;;;;;;;;;;
;;;;;;;;;;;;;;;;;;;;;;;;;;;;
;;;;;;;;;;;;;;;;;;;;;;;;;;;;
;;;;;;;;;;;;;;;;;;;;;;;;;;;;
;;;;;;;;;;;;;;;;;;;;;;;;;;;;
;;;;;;;;;;;;;;;;;;;;;;;;;;;;
;;;;;;;;;;;;;;;;;;;;;;;;;;;;
;;;;;;;;;;;;;;;;;;;;;;;;;;;;
;;;;;;;;;;;;;;;;;;;;;;;;;;;;
;;;;;;;;;;;;;;;;;;;;;;;;;;;;
;;;;;;;;;;;;;;;;;;;;;;;;;;;;
;;;;;;;;;;;;;;;;;;;;;;;;;;;;
;;;;;;;;;;;;;;;;;;;;;;;;;;;;
;;;;;;;;;;;;;;;;;;;;;;;;;;;;
;;;;;;;;;;;;;;;;;;;;;;;;;;;;
;;;;;;;;;;;;;;;;;;;;;;;;;;;;
;;;;;;;;;;;;;;;;;;;;;;;;;;;;
;;;;;;;;;;;;;;;;;;;;;;;;;;;;
;;;;;;;;;;;;;;;;;;;;;;;;;;;;
;;;;;;;;;;;;;;;;;;;;;;;;;;;;
;;;;;;;;;;;;;;;;;;;;;;;;;;;;
;;;;;;;;;;;;;;;;;;;;;;;;;;;;
;;;;;;;;;;;;;;;;;;;;;;;;;;;;
;;;;;;;;;;;;;;;;;;;;;;;;;;;;
;;;;;;;;;;;;;;;;;;;;;;;;;;;;
;;;;;;;;;;;;;;;;;;;;;;;;;;;;
;;;;;;;;;;;;;;;;;;;;;;;;;;;;
;;;;;;;;;;;;;;;;;;;;;;;;;;;;
;;;;;;;;;;;;;;;;;;;;;;;;;;;;
;;;;;;;;;;;;;;;;;;;;;;;;;;;;
;;;;;;;;;;;;;;;;;;;;;;;;;;;;
;;;;;;;;;;;;;;;;;;;;;;;;;;;;
;;;;;;;;;;;;;;;;;;;;;;;;;;;;
;;;;;;;;;;;;;;;;;;;;;;;;;;;;
;;;;;;;;;;;;;;;;;;;;;;;;;;;;
;;;;;;;;;;;;;;;;;;;;;;;;;;;;
;;;;;;;;;;;;;;;;;;;;;;;;;;;;
;;;;;;;;;;;;;;;;;;;;;;;;;;;;
;;;;;;;;;;;;;;;;;;;;;;;;;;;;
;;;;;;;;;;;;;;;;;;;;;;;;;;;;
;;;;;;;;;;;;;;;;;;;;;;;;;;;;
;;;;;;;;;;;;;;;;;;;;;;;;;;;;
;;;;;;;;;;;;;;;;;;;;;;;;;;;;
;;;;;;;;;;;;;;;;;;;;;;;;;;;;
;;;;;;;;;;;;;;;;;;;;;;;;;;;;
;;;;;;;;;;;;;;;;;;;;;;;;;;;;
;;;;;;;;;;;;;;;;;;;;;;;;;;;;
;;;;;;;;;;;;;;;;;;;;;;;;;;;;
;;;;;;;;;;;;;;;;;;;;;;;;;;;;
;;;;;;;;;;;;;;;;;;;;;;;;;;;;
;;;;;;;;;;;;;;;;;;;;;;;;;;;;
;;;;;;;;;;;;;;;;;;;;;;;;;;;;
;;;;;;;;;;;;;;;;;;;;;;;;;;;;
;;;;;;;;;;;;;;;;;;;;;;;;;;;;
;;;;;;;;;;;;;;;;;;;;;;;;;;;;
;;;;;;;;;;;;;;;;;;;;;;;;;;;;
;;;;;;;;;;;;;;;;;;;;;;;;;;;;
;;;;;;;;;;;;;;;;;;;;;;;;;;;;
;;;;;;;;;;;;;;;;;;;;;;;;;;;;
;;;;;;;;;;;;;;;;;;;;;;;;;;;;
;;;;;;;;;;;;;;;;;;;;;;;;;;;;
;;;;;;;;;;;;;;;;;;;;;;;;;;;;
;;;;;;;;;;;;;;;;;;;;;;;;;;;;
;;;;;;;;;;;;;;;;;;;;;;;;;;;;
;;;;;;;;;;;;;;;;;;;;;;;;;;;;
;;;;;;;;;;;;;;;;;;;;;;;;;;;;
;;;;;;;;;;;;;;;;;;;;;;;;;;;;
;;;;;;;;;;;;;;;;;;;;;;;;;;;;
;;;;;;;;;;;;;;;;;;;;;;;;;;;;
;;;;;;;;;;;;;;;;;;;;;;;;;;;;
;;;;;;;;;;;;;;;;;;;;;;;;;;;;
;;;;;;;;;;;;;;;;;;;;;;;;;;;;
;;;;;;;;;;;;;;;;;;;;;;;;;;;;
;;;;;;;;;;;;;;;;;;;;;;;;;;;;
;;;;;;;;;;;;;;;;;;;;;;;;;;;;
;;;;;;;;;;;;;;;;;;;;;;;;;;;;
;;;;;;;;;;;;;;;;;;;;;;;;;;;;
;;;;;;;;;;;;;;;;;;;;;;;;;;;;
;;;;;;;;;;;;;;;;;;;;;;;;;;;;
;;;;;;;;;;;;;;;;;;;;;;;;;;;;
;;;;;;;;;;;;;;;;;;;;;;;;;;;;
;;;;;;;;;;;;;;;;;;;;;;;;;;;;
;;;;;;;;;;;;;;;;;;;;;;;;;;;;
;;;;;;;;;;;;;;;;;;;;;;;;;;;;
;;;;;;;;;;;;;;;;;;;;;;;;;;;;
;;;;;;;;;;;;;;;;;;;;;;;;;;;;
;;;;;;;;;;;;;;;;;;;;;;;;;;;;
;;;;;;;;;;;;;;;;;;;;;;;;;;;;
;;;;;;;;;;;;;;;;;;;;;;;;;;;;
;;;;;;;;;;;;;;;;;;;;;;;;;;;;
;;;;;;;;;;;;;;;;;;;;;;;;;;;;
;;;;;;;;;;;;;;;;;;;;;;;;;;;;
;;;;;;;;;;;;;;;;;;;;;;;;;;;;
;;;;;;;;;;;;;;;;;;;;;;;;;;;;
;;;;;;;;;;;;;;;;;;;;;;;;;;;;
;;;;;;;;;;;;;;;;;;;;;;;;;;;;
;;;;;;;;;;;;;;;;;;;;;;;;;;;;
;;;;;;;;;;;;;;;;;;;;;;;;;;;;
;;;;;;;;;;;;;;;;;;;;;;;;;;;;
;;;;;;;;;;;;;;;;;;;;;;;;;;;;
;;;;;;;;;;;;;;;;;;;;;;;;;;;;
;;;;;;;;;;;;;;;;;;;;;;;;;;;;
;;;;;;;;;;;;;;;;;;;;;;;;;;;;
;;;;;;;;;;;;;;;;;;;;;;;;;;;;
;;;;;;;;;;;;;;;;;;;;;;;;;;;;
;;;;;;;;;;;;;;;;;;;;;;;;;;;;
;;;;;;;;;;;;;;;;;;;;;;;;;;;;
;;;;;;;;;;;;;;;;;;;;;;;;;;;;
;;;;;;;;;;;;;;;;;;;;;;;;;;;;
;;;;;;;;;;;;;;;;;;;;;;;;;;;;
;;;;;;;;;;;;;;;;;;;;;;;;;;;;
;;;;;;;;;;;;;;;;;;;;;;;;;;;;
;;;;;;;;;;;;;;;;;;;;;;;;;;;;
;;;;;;;;;;;;;;;;;;;;;;;;;;;;
;;;;;;;;;;;;;;;;;;;;;;;;;;;;
;;;;;;;;;;;;;;;;;;;;;;;;;;;;
;;;;;;;;;;;;;;;;;;;;;;;;;;;;
;;;;;;;;;;;;;;;;;;;;;;;;;;;;
;;;;;;;;;;;;;;;;;;;;;;;;;;;;
;;;;;;;;;;;;;;;;;;;;;;;;;;;;
;;;;;;;;;;;;;;;;;;;;;;;;;;;;
;;;;;;;;;;;;;;;;;;;;;;;;;;;;
;;;;;;;;;;;;;;;;;;;;;;;;;;;;
;;;;;;;;;;;;;;;;;;;;;;;;;;;;
;;;;;;;;;;;;;;;;;;;;;;;;;;;;
;;;;;;;;;;;;;;;;;;;;;;;;;;;;
;;;;;;;;;;;;;;;;;;;;;;;;;;;;
;;;;;;;;;;;;;;;;;;;;;;;;;;;;
;;;;;;;;;;;;;;;;;;;;;;;;;;;;
;;;;;;;;;;;;;;;;;;;;;;;;;;;;
;;;;;;;;;;;;;;;;;;;;;;;;;;;;
;;;;;;;;;;;;;;;;;;;;;;;;;;;;
;;;;;;;;;;;;;;;;;;;;;;;;;;;;
;;;;;;;;;;;;;;;;;;;;;;;;;;;;
;;;;;;;;;;;;;;;;;;;;;;;;;;;;
;;;;;;;;;;;;;;;;;;;;;;;;;;;;
;;;;;;;;;;;;;;;;;;;;;;;;;;;;
;;;;;;;;;;;;;;;;;;;;;;;;;;;;
;;;;;;;;;;;;;;;;;;;;;;;;;;;;
;;;;;;;;;;;;;;;;;;;;;;;;;;;;
;;;;;;;;;;;;;;;;;;;;;;;;;;;;
;;;;;;;;;;;;;;;;;;;;;;;;;;;;
;;;;;;;;;;;;;;;;;;;;;;;;;;;;
;;;;;;;;;;;;;;;;;;;;;;;;;;;;
;;;;;;;;;;;;;;;;;;;;;;;;;;;;
;;;;;;;;;;;;;;;;;;;;;;;;;;;;
;;;;;;;;;;;;;;;;;;;;;;;;;;;;
;;;;;;;;;;;;;;;;;;;;;;;;;;;;
;;;;;;;;;;;;;;;;;;;;;;;;;;;;
;;;;;;;;;;;;;;;;;;;;;;;;;;;;
;;;;;;;;;;;;;;;;;;;;;;;;;;;;
;;;;;;;;;;;;;;;;;;;;;;;;;;;;
;;;;;;;;;;;;;;;;;;;;;;;;;;;;
;;;;;;;;;;;;;;;;;;;;;;;;;;;;
;;;;;;;;;;;;;;;;;;;;;;;;;;;;
;;;;;;;;;;;;;;;;;;;;;;;;;;;;
;;;;;;;;;;;;;;;;;;;;;;;;;;;;
;;;;;;;;;;;;;;;;;;;;;;;;;;;;
;;;;;;;;;;;;;;;;;;;;;;;;;;;;
;;;;;;;;;;;;;;;;;;;;;;;;;;;;
;;;;;;;;;;;;;;;;;;;;;;;;;;;;
;;;;;;;;;;;;;;;;;;;;;;;;;;;;
;;;;;;;;;;;;;;;;;;;;;;;;;;;;
;;;;;;;;;;;;;;;;;;;;;;;;;;;;
;;;;;;;;;;;;;;;;;;;;;;;;;;;;
;;;;;;;;;;;;;;;;;;;;;;;;;;;;
;;;;;;;;;;;;;;;;;;;;;;;;;;;;
;;;;;;;;;;;;;;;;;;;;;;;;;;;;
;;;;;;;;;;;;;;;;;;;;;;;;;;;;
;;;;;;;;;;;;;;;;;;;;;;;;;;;;
;;;;;;;;;;;;;;;;;;;;;;;;;;;;
;;;;;;;;;;;;;;;;;;;;;;;;;;;;
;;;;;;;;;;;;;;;;;;;;;;;;;;;;
;;;;;;;;;;;;;;;;;;;;;;;;;;;;
;;;;;;;;;;;;;;;;;;;;;;;;;;;;
;;;;;;;;;;;;;;;;;;;;;;;;;;;;
;;;;;;;;;;;;;;;;;;;;;;;;;;;;
;;;;;;;;;;;;;;;;;;;;;;;;;;;;
;;;;;;;;;;;;;;;;;;;;;;;;;;;;
;;;;;;;;;;;;;;;;;;;;;;;;;;;;
;;;;;;;;;;;;;;;;;;;;;;;;;;;;
;;;;;;;;;;;;;;;;;;;;;;;;;;;;
;;;;;;;;;;;;;;;;;;;;;;;;;;;;
;;;;;;;;;;;;;;;;;;;;;;;;;;;;
;;;;;;;;;;;;;;;;;;;;;;;;;;;;
;;;;;;;;;;;;;;;;;;;;;;;;;;;;
;;;;;;;;;;;;;;;;;;;;;;;;;;;;
;;;;;;;;;;;;;;;;;;;;;;;;;;;;
;;;;;;;;;;;;;;;;;;;;;;;;;;;;
;;;;;;;;;;;;;;;;;;;;;;;;;;;;
;;;;;;;;;;;;;;;;;;;;;;;;;;;;
;;;;;;;;;;;;;;;;;;;;;;;;;;;;
;;;;;;;;;;;;;;;;;;;;;;;;;;;;
;;;;;;;;;;;;;;;;;;;;;;;;;;;;
;;;;;;;;;;;;;;;;;;;;;;;;;;;;
;;;;;;;;;;;;;;;;;;;;;;;;;;;;
;;;;;;;;;;;;;;;;;;;;;;;;;;;;
;;;;;;;;;;;;;;;;;;;;;;;;;;;;
;;;;;;;;;;;;;;;;;;;;;;;;;;;;
;;;;;;;;;;;;;;;;;;;;;;;;;;;;
;;;;;;;;;;;;;;;;;;;;;;;;;;;;
;;;;;;;;;;;;;;;;;;;;;;;;;;;;
;;;;;;;;;;;;;;;;;;;;;;;;;;;;
;;;;;;;;;;;;;;;;;;;;;;;;;;;;
;;;;;;;;;;;;;;;;;;;;;;;;;;;;
;;;;;;;;;;;;;;;;;;;;;;;;;;;;
;;;;;;;;;;;;;;;;;;;;;;;;;;;;
;;;;;;;;;;;;;;;;;;;;;;;;;;;;
;;;;;;;;;;;;;;;;;;;;;;;;;;;;
;;;;;;;;;;;;;;;;;;;;;;;;;;;;
;;;;;;;;;;;;;;;;;;;;;;;;;;;;
;;;;;;;;;;;;;;;;;;;;;;;;;;;;
;;;;;;;;;;;;;;;;;;;;;;;;;;;;
;;;;;;;;;;;;;;;;;;;;;;;;;;;;
;;;;;;;;;;;;;;;;;;;;;;;;;;;;
;;;;;;;;;;;;;;;;;;;;;;;;;;;;
;;;;;;;;;;;;;;;;;;;;;;;;;;;;
;;;;;;;;;;;;;;;;;;;;;;;;;;;;
;;;;;;;;;;;;;;;;;;;;;;;;;;;;
;;;;;;;;;;;;;;;;;;;;;;;;;;;;
;;;;;;;;;;;;;;;;;;;;;;;;;;;;
;;;;;;;;;;;;;;;;;;;;;;;;;;;;
;;;;;;;;;;;;;;;;;;;;;;;;;;;;
;;;;;;;;;;;;;;;;;;;;;;;;;;;;
;;;;;;;;;;;;;;;;;;;;;;;;;;;;
;;;;;;;;;;;;;;;;;;;;;;;;;;;;
;;;;;;;;;;;;;;;;;;;;;;;;;;;;
;;;;;;;;;;;;;;;;;;;;;;;;;;;;
;;;;;;;;;;;;;;;;;;;;;;;;;;;;
;;;;;;;;;;;;;;;;;;;;;;;;;;;;
;;;;;;;;;;;;;;;;;;;;;;;;;;;;
;;;;;;;;;;;;;;;;;;;;;;;;;;;;
;;;;;;;;;;;;;;;;;;;;;;;;;;;;
;;;;;;;;;;;;;;;;;;;;;;;;;;;;
;;;;;;;;;;;;;;;;;;;;;;;;;;;;
;;;;;;;;;;;;;;;;;;;;;;;;;;;;
;;;;;;;;;;;;;;;;;;;;;;;;;;;;
;;;;;;;;;;;;;;;;;;;;;;;;;;;;
;;;;;;;;;;;;;;;;;;;;;;;;;;;;
;;;;;;;;;;;;;;;;;;;;;;;;;;;;
;;;;;;;;;;;;;;;;;;;;;;;;;;;;
;;;;;;;;;;;;;;;;;;;;;;;;;;;;
;;;;;;;;;;;;;;;;;;;;;;;;;;;;
;;;;;;;;;;;;;;;;;;;;;;;;;;;;
;;;;;;;;;;;;;;;;;;;;;;;;;;;;
;;;;;;;;;;;;;;;;;;;;;;;;;;;;
;;;;;;;;;;;;;;;;;;;;;;;;;;;;
;;;;;;;;;;;;;;;;;;;;;;;;;;;;
;;;;;;;;;;;;;;;;;;;;;;;;;;;;
;;;;;;;;;;;;;;;;;;;;;;;;;;;;
;;;;;;;;;;;;;;;;;;;;;;;;;;;;
;;;;;;;;;;;;;;;;;;;;;;;;;;;;
;;;;;;;;;;;;;;;;;;;;;;;;;;;;
;;;;;;;;;;;;;;;;;;;;;;;;;;;;
;;;;;;;;;;;;;;;;;;;;;;;;;;;;
;;;;;;;;;;;;;;;;;;;;;;;;;;;;
;;;;;;;;;;;;;;;;;;;;;;;;;;;;
;;;;;;;;;;;;;;;;;;;;;;;;;;;;
;;;;;;;;;;;;;;;;;;;;;;;;;;;;
;;;;;;;;;;;;;;;;;;;;;;;;;;;;
;;;;;;;;;;;;;;;;;;;;;;;;;;;;
;;;;;;;;;;;;;;;;;;;;;;;;;;;;
;;;;;;;;;;;;;;;;;;;;;;;;;;;;
;;;;;;;;;;;;;;;;;;;;;;;;;;;;
;;;;;;;;;;;;;;;;;;;;;;;;;;;;
;;;;;;;;;;;;;;;;;;;;;;;;;;;;
;;;;;;;;;;;;;;;;;;;;;;;;;;;;
;;;;;;;;;;;;;;;;;;;;;;;;;;;;
;;;;;;;;;;;;;;;;;;;;;;;;;;;;
;;;;;;;;;;;;;;;;;;;;;;;;;;;;
;;;;;;;;;;;;;;;;;;;;;;;;;;;;
;;;;;;;;;;;;;;;;;;;;;;;;;;;;
;;;;;;;;;;;;;;;;;;;;;;;;;;;;
;;;;;;;;;;;;;;;;;;;;;;;;;;;;
;;;;;;;;;;;;;;;;;;;;;;;;;;;;
;;;;;;;;;;;;;;;;;;;;;;;;;;;;
;;;;;;;;;;;;;;;;;;;;;;;;;;;;
;;;;;;;;;;;;;;;;;;;;;;;;;;;;
;;;;;;;;;;;;;;;;;;;;;;;;;;;;
;;;;;;;;;;;;;;;;;;;;;;;;;;;;
;;;;;;;;;;;;;;;;;;;;;;;;;;;;
;;;;;;;;;;;;;;;;;;;;;;;;;;;;
;;;;;;;;;;;;;;;;;;;;;;;;;;;;
;;;;;;;;;;;;;;;;;;;;;;;;;;;;
;;;;;;;;;;;;;;;;;;;;;;;;;;;;
;;;;;;;;;;;;;;;;;;;;;;;;;;;;
;;;;;;;;;;;;;;;;;;;;;;;;;;;;
;;;;;;;;;;;;;;;;;;;;;;;;;;;;
;;;;;;;;;;;;;;;;;;;;;;;;;;;;
;;;;;;;;;;;;;;;;;;;;;;;;;;;;
;;;;;;;;;;;;;;;;;;;;;;;;;;;;
;;;;;;;;;;;;;;;;;;;;;;;;;;;;
;;;;;;;;;;;;;;;;;;;;;;;;;;;;
;;;;;;;;;;;;;;;;;;;;;;;;;;;;
;;;;;;;;;;;;;;;;;;;;;;;;;;;;
;;;;;;;;;;;;;;;;;;;;;;;;;;;;
;;;;;;;;;;;;;;;;;;;;;;;;;;;;
;;;;;;;;;;;;;;;;;;;;;;;;;;;;
;;;;;;;;;;;;;;;;;;;;;;;;;;;;
;;;;;;;;;;;;;;;;;;;;;;;;;;;;
;;;;;;;;;;;;;;;;;;;;;;;;;;;;
;;;;;;;;;;;;;;;;;;;;;;;;;;;;
;;;;;;;;;;;;;;;;;;;;;;;;;;;;
;;;;;;;;;;;;;;;;;;;;;;;;;;;;
;;;;;;;;;;;;;;;;;;;;;;;;;;;;
;;;;;;;;;;;;;;;;;;;;;;;;;;;;
;;;;;;;;;;;;;;;;;;;;;;;;;;;;
;;;;;;;;;;;;;;;;;;;;;;;;;;;;
;;;;;;;;;;;;;;;;;;;;;;;;;;;;
;;;;;;;;;;;;;;;;;;;;;;;;;;;;
;;;;;;;;;;;;;;;;;;;;;;;;;;;;
;;;;;;;;;;;;;;;;;;;;;;;;;;;;
;;;;;;;;;;;;;;;;;;;;;;;;;;;;
;;;;;;;;;;;;;;;;;;;;;;;;;;;;
;;;;;;;;;;;;;;;;;;;;;;;;;;;;
;;;;;;;;;;;;;;;;;;;;;;;;;;;;
;;;;;;;;;;;;;;;;;;;;;;;;;;;;
;;;;;;;;;;;;;;;;;;;;;;;;;;;;
;;;;;;;;;;;;;;;;;;;;;;;;;;;;
;;;;;;;;;;;;;;;;;;;;;;;;;;;;
;;;;;;;;;;;;;;;;;;;;;;;;;;;;
;;;;;;;;;;;;;;;;;;;;;;;;;;;;
;;;;;;;;;;;;;;;;;;;;;;;;;;;;
;;;;;;;;;;;;;;;;;;;;;;;;;;;;
;;;;;;;;;;;;;;;;;;;;;;;;;;;;
;;;;;;;;;;;;;;;;;;;;;;;;;;;;
;;;;;;;;;;;;;;;;;;;;;;;;;;;;
;;;;;;;;;;;;;;;;;;;;;;;;;;;;
;;;;;;;;;;;;;;;;;;;;;;;;;;;;
;;;;;;;;;;;;;;;;;;;;;;;;;;;;
;;;;;;;;;;;;;;;;;;;;;;;;;;;;
;;;;;;;;;;;;;;;;;;;;;;;;;;;;
;;;;;;;;;;;;;;;;;;;;;;;;;;;;
;;;;;;;;;;;;;;;;;;;;;;;;;;;;
;;;;;;;;;;;;;;;;;;;;;;;;;;;;
;;;;;;;;;;;;;;;;;;;;;;;;;;;;
;;;;;;;;;;;;;;;;;;;;;;;;;;;;
;;;;;;;;;;;;;;;;;;;;;;;;;;;;
;;;;;;;;;;;;;;;;;;;;;;;;;;;;
;;;;;;;;;;;;;;;;;;;;;;;;;;;;
;;;;;;;;;;;;;;;;;;;;;;;;;;;;
;;;;;;;;;;;;;;;;;;;;;;;;;;;;
;;;;;;;;;;;;;;;;;;;;;;;;;;;;
;;;;;;;;;;;;;;;;;;;;;;;;;;;;
;;;;;;;;;;;;;;;;;;;;;;;;;;;;
;;;;;;;;;;;;;;;;;;;;;;;;;;;;
;;;;;;;;;;;;;;;;;;;;;;;;;;;;
;;;;;;;;;;;;;;;;;;;;;;;;;;;;
;;;;;;;;;;;;;;;;;;;;;;;;;;;;
;;;;;;;;;;;;;;;;;;;;;;;;;;;;
;;;;;;;;;;;;;;;;;;;;;;;;;;;;
;;;;;;;;;;;;;;;;;;;;;;;;;;;;
;;;;;;;;;;;;;;;;;;;;;;;;;;;;
;;;;;;;;;;;;;;;;;;;;;;;;;;;;
;;;;;;;;;;;;;;;;;;;;;;;;;;;;
;;;;;;;;;;;;;;;;;;;;;;;;;;;;
;;;;;;;;;;;;;;;;;;;;;;;;;;;;
;;;;;;;;;;;;;;;;;;;;;;;;;;;;
;;;;;;;;;;;;;;;;;;;;;;;;;;;;
;;;;;;;;;;;;;;;;;;;;;;;;;;;;
;;;;;;;;;;;;;;;;;;;;;;;;;;;;
;;;;;;;;;;;;;;;;;;;;;;;;;;;;
;;;;;;;;;;;;;;;;;;;;;;;;;;;;
;;;;;;;;;;;;;;;;;;;;;;;;;;;;
;;;;;;;;;;;;;;;;;;;;;;;;;;;;
;;;;;;;;;;;;;;;;;;;;;;;;;;;;
;;;;;;;;;;;;;;;;;;;;;;;;;;;;
;;;;;;;;;;;;;;;;;;;;;;;;;;;;
;;;;;;;;;;;;;;;;;;;;;;;;;;;;
;;;;;;;;;;;;;;;;;;;;;;;;;;;;
;;;;;;;;;;;;;;;;;;;;;;;;;;;;
;;;;;;;;;;;;;;;;;;;;;;;;;;;;
;;;;;;;;;;;;;;;;;;;;;;;;;;;;
;;;;;;;;;;;;;;;;;;;;;;;;;;;;
;;;;;;;;;;;;;;;;;;;;;;;;;;;;
;;;;;;;;;;;;;;;;;;;;;;;;;;;;
;;;;;;;;;;;;;;;;;;;;;;;;;;;;
;;;;;;;;;;;;;;;;;;;;;;;;;;;;
;;;;;;;;;;;;;;;;;;;;;;;;;;;;
;;;;;;;;;;;;;;;;;;;;;;;;;;;;
;;;;;;;;;;;;;;;;;;;;;;;;;;;;
;;;;;;;;;;;;;;;;;;;;;;;;;;;;
;;;;;;;;;;;;;;;;;;;;;;;;;;;;
;;;;;;;;;;;;;;;;;;;;;;;;;;;;
;;;;;;;;;;;;;;;;;;;;;;;;;;;;
;;;;;;;;;;;;;;;;;;;;;;;;;;;;
;;;;;;;;;;;;;;;;;;;;;;;;;;;;
;;;;;;;;;;;;;;;;;;;;;;;;;;;;
;;;;;;;;;;;;;;;;;;;;;;;;;;;;
;;;;;;;;;;;;;;;;;;;;;;;;;;;;
;;;;;;;;;;;;;;;;;;;;;;;;;;;;
;;;;;;;;;;;;;;;;;;;;;;;;;;;;
;;;;;;;;;;;;;;;;;;;;;;;;;;;;
;;;;;;;;;;;;;;;;;;;;;;;;;;;;
;;;;;;;;;;;;;;;;;;;;;;;;;;;;
;;;;;;;;;;;;;;;;;;;;;;;;;;;;
;;;;;;;;;;;;;;;;;;;;;;;;;;;;
;;;;;;;;;;;;;;;;;;;;;;;;;;;;
;;;;;;;;;;;;;;;;;;;;;;;;;;;;
;;;;;;;;;;;;;;;;;;;;;;;;;;;;
;;;;;;;;;;;;;;;;;;;;;;;;;;;;
;;;;;;;;;;;;;;;;;;;;;;;;;;;;
;;;;;;;;;;;;;;;;;;;;;;;;;;;;
;;;;;;;;;;;;;;;;;;;;;;;;;;;;
;;;;;;;;;;;;;;;;;;;;;;;;;;;;
;;;;;;;;;;;;;;;;;;;;;;;;;;;;
;;;;;;;;;;;;;;;;;;;;;;;;;;;;
;;;;;;;;;;;;;;;;;;;;;;;;;;;;
;;;;;;;;;;;;;;;;;;;;;;;;;;;;
;;;;;;;;;;;;;;;;;;;;;;;;;;;;
;;;;;;;;;;;;;;;;;;;;;;;;;;;;
;;;;;;;;;;;;;;;;;;;;;;;;;;;;
;;;;;;;;;;;;;;;;;;;;;;;;;;;;
;;;;;;;;;;;;;;;;;;;;;;;;;;;;
;;;;;;;;;;;;;;;;;;;;;;;;;;;;
;;;;;;;;;;;;;;;;;;;;;;;;;;;;
;;;;;;;;;;;;;;;;;;;;;;;;;;;;
;;;;;;;;;;;;;;;;;;;;;;;;;;;;
;;;;;;;;;;;;;;;;;;;;;;;;;;;;
;;;;;;;;;;;;;;;;;;;;;;;;;;;;
;;;;;;;;;;;;;;;;;;;;;;;;;;;;
;;;;;;;;;;;;;;;;;;;;;;;;;;;;
;;;;;;;;;;;;;;;;;;;;;;;;;;;;
;;;;;;;;;;;;;;;;;;;;;;;;;;;;
;;;;;;;;;;;;;;;;;;;;;;;;;;;;
;;;;;;;;;;;;;;;;;;;;;;;;;;;;
;;;;;;;;;;;;;;;;;;;;;;;;;;;;
;;;;;;;;;;;;;;;;;;;;;;;;;;;;
;;;;;;;;;;;;;;;;;;;;;;;;;;;;
;;;;;;;;;;;;;;;;;;;;;;;;;;;;
;;;;;;;;;;;;;;;;;;;;;;;;;;;;
;;;;;;;;;;;;;;;;;;;;;;;;;;;;
;;;;;;;;;;;;;;;;;;;;;;;;;;;;
;;;;;;;;;;;;;;;;;;;;;;;;;;;;
;;;;;;;;;;;;;;;;;;;;;;;;;;;;
;;;;;;;;;;;;;;;;;;;;;;;;;;;;
;;;;;;;;;;;;;;;;;;;;;;;;;;;;
;;;;;;;;;;;;;;;;;;;;;;;;;;;;
;;;;;;;;;;;;;;;;;;;;;;;;;;;;
;;;;;;;;;;;;;;;;;;;;;;;;;;;;
;;;;;;;;;;;;;;;;;;;;;;;;;;;;
;;;;;;;;;;;;;;;;;;;;;;;;;;;;
;;;;;;;;;;;;;;;;;;;;;;;;;;;;
;;;;;;;;;;;;;;;;;;;;;;;;;;;;
;;;;;;;;;;;;;;;;;;;;;;;;;;;;
;;;;;;;;;;;;;;;;;;;;;;;;;;;;
;;;;;;;;;;;;;;;;;;;;;;;;;;;;
;;;;;;;;;;;;;;;;;;;;;;;;;;;;
;;;;;;;;;;;;;;;;;;;;;;;;;;;;
;;;;;;;;;;;;;;;;;;;;;;;;;;;;
;;;;;;;;;;;;;;;;;;;;;;;;;;;;
;;;;;;;;;;;;;;;;;;;;;;;;;;;;
;;;;;;;;;;;;;;;;;;;;;;;;;;;;
;;;;;;;;;;;;;;;;;;;;;;;;;;;;
;;;;;;;;;;;;;;;;;;;;;;;;;;;;
;;;;;;;;;;;;;;;;;;;;;;;;;;;;
;;;;;;;;;;;;;;;;;;;;;;;;;;;;
;;;;;;;;;;;;;;;;;;;;;;;;;;;;
;;;;;;;;;;;;;;;;;;;;;;;;;;;;
;;;;;;;;;;;;;;;;;;;;;;;;;;;;
;;;;;;;;;;;;;;;;;;;;;;;;;;;;
;;;;;;;;;;;;;;;;;;;;;;;;;;;;
;;;;;;;;;;;;;;;;;;;;;;;;;;;;
;;;;;;;;;;;;;;;;;;;;;;;;;;;;
;;;;;;;;;;;;;;;;;;;;;;;;;;;;
;;;;;;;;;;;;;;;;;;;;;;;;;;;;
;;;;;;;;;;;;;;;;;;;;;;;;;;;;
;;;;;;;;;;;;;;;;;;;;;;;;;;;;
;;;;;;;;;;;;;;;;;;;;;;;;;;;;
;;;;;;;;;;;;;;;;;;;;;;;;;;;;
;;;;;;;;;;;;;;;;;;;;;;;;;;;;
;;;;;;;;;;;;;;;;;;;;;;;;;;;;
;;;;;;;;;;;;;;;;;;;;;;;;;;;;
;;;;;;;;;;;;;;;;;;;;;;;;;;;;
;;;;;;;;;;;;;;;;;;;;;;;;;;;;
;;;;;;;;;;;;;;;;;;;;;;;;;;;;
;;;;;;;;;;;;;;;;;;;;;;;;;;;;
;;;;;;;;;;;;;;;;;;;;;;;;;;;;
;;;;;;;;;;;;;;;;;;;;;;;;;;;;
;;;;;;;;;;;;;;;;;;;;;;;;;;;;
;;;;;;;;;;;;;;;;;;;;;;;;;;;;
;;;;;;;;;;;;;;;;;;;;;;;;;;;;
;;;;;;;;;;;;;;;;;;;;;;;;;;;;
;;;;;;;;;;;;;;;;;;;;;;;;;;;;
;;;;;;;;;;;;;;;;;;;;;;;;;;;;
;;;;;;;;;;;;;;;;;;;;;;;;;;;;
;;;;;;;;;;;;;;;;;;;;;;;;;;;;
;;;;;;;;;;;;;;;;;;;;;;;;;;;;
;;;;;;;;;;;;;;;;;;;;;;;;;;;;
;;;;;;;;;;;;;;;;;;;;;;;;;;;;
;;;;;;;;;;;;;;;;;;;;;;;;;;;;
;;;;;;;;;;;;;;;;;;;;;;;;;;;;
;;;;;;;;;;;;;;;;;;;;;;;;;;;;
;;;;;;;;;;;;;;;;;;;;;;;;;;;;
;;;;;;;;;;;;;;;;;;;;;;;;;;;;
;;;;;;;;;;;;;;;;;;;;;;;;;;;;
;;;;;;;;;;;;;;;;;;;;;;;;;;;;
;;;;;;;;;;;;;;;;;;;;;;;;;;;;
;;;;;;;;;;;;;;;;;;;;;;;;;;;;
;;;;;;;;;;;;;;;;;;;;;;;;;;;;
;;;;;;;;;;;;;;;;;;;;;;;;;;;;
;;;;;;;;;;;;;;;;;;;;;;;;;;;;
;;;;;;;;;;;;;;;;;;;;;;;;;;;;
;;;;;;;;;;;;;;;;;;;;;;;;;;;;
;;;;;;;;;;;;;;;;;;;;;;;;;;;;
;;;;;;;;;;;;;;;;;;;;;;;;;;;;
;;;;;;;;;;;;;;;;;;;;;;;;;;;;
;;;;;;;;;;;;;;;;;;;;;;;;;;;;
;;;;;;;;;;;;;;;;;;;;;;;;;;;;
;;;;;;;;;;;;;;;;;;;;;;;;;;;;
;;;;;;;;;;;;;;;;;;;;;;;;;;;;
;;;;;;;;;;;;;;;;;;;;;;;;;;;;
;;;;;;;;;;;;;;;;;;;;;;;;;;;;
;;;;;;;;;;;;;;;;;;;;;;;;;;;;
;;;;;;;;;;;;;;;;;;;;;;;;;;;;
;;;;;;;;;;;;;;;;;;;;;;;;;;;;
;;;;;;;;;;;;;;;;;;;;;;;;;;;;
;;;;;;;;;;;;;;;;;;;;;;;;;;;;
;;;;;;;;;;;;;;;;;;;;;;;;;;;;
;;;;;;;;;;;;;;;;;;;;;;;;;;;;
;;;;;;;;;;;;;;;;;;;;;;;;;;;;
;;;;;;;;;;;;;;;;;;;;;;;;;;;;
;;;;;;;;;;;;;;;;;;;;;;;;;;;;
;;;;;;;;;;;;;;;;;;;;;;;;;;;;
;;;;;;;;;;;;;;;;;;;;;;;;;;;;
;;;;;;;;;;;;;;;;;;;;;;;;;;;;
;;;;;;;;;;;;;;;;;;;;;;;;;;;;
;;;;;;;;;;;;;;;;;;;;;;;;;;;;
;;;;;;;;;;;;;;;;;;;;;;;;;;;;
;;;;;;;;;;;;;;;;;;;;;;;;;;;;
;;;;;;;;;;;;;;;;;;;;;;;;;;;;
;;;;;;;;;;;;;;;;;;;;;;;;;;;;
;;;;;;;;;;;;;;;;;;;;;;;;;;;;
;;;;;;;;;;;;;;;;;;;;;;;;;;;;
;;;;;;;;;;;;;;;;;;;;;;;;;;;;
;;;;;;;;;;;;;;;;;;;;;;;;;;;;
;;;;;;;;;;;;;;;;;;;;;;;;;;;;
;;;;;;;;;;;;;;;;;;;;;;;;;;;;
;;;;;;;;;;;;;;;;;;;;;;;;;;;;
;;;;;;;;;;;;;;;;;;;;;;;;;;;;
;;;;;;;;;;;;;;;;;;;;;;;;;;;;
;;;;;;;;;;;;;;;;;;;;;;;;;;;;
;;;;;;;;;;;;;;;;;;;;;;;;;;;;
;;;;;;;;;;;;;;;;;;;;;;;;;;;;
;;;;;;;;;;;;;;;;;;;;;;;;;;;;
;;;;;;;;;;;;;;;;;;;;;;;;;;;;
;;;;;;;;;;;;;;;;;;;;;;;;;;;;
;;;;;;;;;;;;;;;;;;;;;;;;;;;;
;;;;;;;;;;;;;;;;;;;;;;;;;;;;
;;;;;;;;;;;;;;;;;;;;;;;;;;;;
;;;;;;;;;;;;;;;;;;;;;;;;;;;;
;;;;;;;;;;;;;;;;;;;;;;;;;;;;
;;;;;;;;;;;;;;;;;;;;;;;;;;;;
;;;;;;;;;;;;;;;;;;;;;;;;;;;;
;;;;;;;;;;;;;;;;;;;;;;;;;;;;
;;;;;;;;;;;;;;;;;;;;;;;;;;;;
;;;;;;;;;;;;;;;;;;;;;;;;;;;;
;;;;;;;;;;;;;;;;;;;;;;;;;;;;
;;;;;;;;;;;;;;;;;;;;;;;;;;;;
;;;;;;;;;;;;;;;;;;;;;;;;;;;;
;;;;;;;;;;;;;;;;;;;;;;;;;;;;
;;;;;;;;;;;;;;;;;;;;;;;;;;;;
;;;;;;;;;;;;;;;;;;;;;;;;;;;;
;;;;;;;;;;;;;;;;;;;;;;;;;;;;
;;;;;;;;;;;;;;;;;;;;;;;;;;;;
;;;;;;;;;;;;;;;;;;;;;;;;;;;;
;;;;;;;;;;;;;;;;;;;;;;;;;;;;
;;;;;;;;;;;;;;;;;;;;;;;;;;;;
;;;;;;;;;;;;;;;;;;;;;;;;;;;;
;;;;;;;;;;;;;;;;;;;;;;;;;;;;
;;;;;;;;;;;;;;;;;;;;;;;;;;;;
;;;;;;;;;;;;;;;;;;;;;;;;;;;;
;;;;;;;;;;;;;;;;;;;;;;;;;;;;
;;;;;;;;;;;;;;;;;;;;;;;;;;;;
;;;;;;;;;;;;;;;;;;;;;;;;;;;;
;;;;;;;;;;;;;;;;;;;;;;;;;;;;
;;;;;;;;;;;;;;;;;;;;;;;;;;;;
;;;;;;;;;;;;;;;;;;;;;;;;;;;;
;;;;;;;;;;;;;;;;;;;;;;;;;;;;
;;;;;;;;;;;;;;;;;;;;;;;;;;;;
;;;;;;;;;;;;;;;;;;;;;;;;;;;;
;;;;;;;;;;;;;;;;;;;;;;;;;;;;
;;;;;;;;;;;;;;;;;;;;;;;;;;;;
;;;;;;;;;;;;;;;;;;;;;;;;;;;;
;;;;;;;;;;;;;;;;;;;;;;;;;;;;
;;;;;;;;;;;;;;;;;;;;;;;;;;;;
;;;;;;;;;;;;;;;;;;;;;;;;;;;;
;;;;;;;;;;;;;;;;;;;;;;;;;;;;
;;;;;;;;;;;;;;;;;;;;;;;;;;;;
;;;;;;;;;;;;;;;;;;;;;;;;;;;;
;;;;;;;;;;;;;;;;;;;;;;;;;;;;
;;;;;;;;;;;;;;;;;;;;;;;;;;;;
;;;;;;;;;;;;;;;;;;;;;;;;;;;;
;;;;;;;;;;;;;;;;;;;;;;;;;;;;
;;;;;;;;;;;;;;;;;;;;;;;;;;;;
;;;;;;;;;;;;;;;;;;;;;;;;;;;;
;;;;;;;;;;;;;;;;;;;;;;;;;;;;
;;;;;;;;;;;;;;;;;;;;;;;;;;;;
;;;;;;;;;;;;;;;;;;;;;;;;;;;;
;;;;;;;;;;;;;;;;;;;;;;;;;;;;
;;;;;;;;;;;;;;;;;;;;;;;;;;;;
;;;;;;;;;;;;;;;;;;;;;;;;;;;;
;;;;;;;;;;;;;;;;;;;;;;;;;;;;
;;;;;;;;;;;;;;;;;;;;;;;;;;;;
;;;;;;;;;;;;;;;;;;;;;;;;;;;;
;;;;;;;;;;;;;;;;;;;;;;;;;;;;
;;;;;;;;;;;;;;;;;;;;;;;;;;;;
;;;;;;;;;;;;;;;;;;;;;;;;;;;;
;;;;;;;;;;;;;;;;;;;;;;;;;;;;
;;;;;;;;;;;;;;;;;;;;;;;;;;;;
;;;;;;;;;;;;;;;;;;;;;;;;;;;;
;;;;;;;;;;;;;;;;;;;;;;;;;;;;
;;;;;;;;;;;;;;;;;;;;;;;;;;;;
;;;;;;;;;;;;;;;;;;;;;;;;;;;;
;;;;;;;;;;;;;;;;;;;;;;;;;;;;
;;;;;;;;;;;;;;;;;;;;;;;;;;;;
;;;;;;;;;;;;;;;;;;;;;;;;;;;;
;;;;;;;;;;;;;;;;;;;;;;;;;;;;
;;;;;;;;;;;;;;;;;;;;;;;;;;;;
;;;;;;;;;;;;;;;;;;;;;;;;;;;;
;;;;;;;;;;;;;;;;;;;;;;;;;;;;
;;;;;;;;;;;;;;;;;;;;;;;;;;;;
;;;;;;;;;;;;;;;;;;;;;;;;;;;;
;;;;;;;;;;;;;;;;;;;;;;;;;;;;
;;;;;;;;;;;;;;;;;;;;;;;;;;;;
;;;;;;;;;;;;;;;;;;;;;;;;;;;;
;;;;;;;;;;;;;;;;;;;;;;;;;;;;
;;;;;;;;;;;;;;;;;;;;;;;;;;;;
;;;;;;;;;;;;;;;;;;;;;;;;;;;;
;;;;;;;;;;;;;;;;;;;;;;;;;;;;
;;;;;;;;;;;;;;;;;;;;;;;;;;;;
;;;;;;;;;;;;;;;;;;;;;;;;;;;;
;;;;;;;;;;;;;;;;;;;;;;;;;;;;
;;;;;;;;;;;;;;;;;;;;;;;;;;;;
;;;;;;;;;;;;;;;;;;;;;;;;;;;;
;;;;;;;;;;;;;;;;;;;;;;;;;;;;
;;;;;;;;;;;;;;;;;;;;;;;;;;;;
;;;;;;;;;;;;;;;;;;;;;;;;;;;;
;;;;;;;;;;;;;;;;;;;;;;;;;;;;
;;;;;;;;;;;;;;;;;;;;;;;;;;;;
;;;;;;;;;;;;;;;;;;;;;;;;;;;;
;;;;;;;;;;;;;;;;;;;;;;;;;;;;
;;;;;;;;;;;;;;;;;;;;;;;;;;;;
;;;;;;;;;;;;;;;;;;;;;;;;;;;;
;;;;;;;;;;;;;;;;;;;;;;;;;;;;
;;;;;;;;;;;;;;;;;;;;;;;;;;;;
;;;;;;;;;;;;;;;;;;;;;;;;;;;;
;;;;;;;;;;;;;;;;;;;;;;;;;;;;
;;;;;;;;;;;;;;;;;;;;;;;;;;;;
;;;;;;;;;;;;;;;;;;;;;;;;;;;;
;;;;;;;;;;;;;;;;;;;;;;;;;;;;
;;;;;;;;;;;;;;;;;;;;;;;;;;;;
;;;;;;;;;;;;;;;;;;;;;;;;;;;;
;;;;;;;;;;;;;;;;;;;;;;;;;;;;
;;;;;;;;;;;;;;;;;;;;;;;;;;;;
;;;;;;;;;;;;;;;;;;;;;;;;;;;;
;;;;;;;;;;;;;;;;;;;;;;;;;;;;
;;;;;;;;;;;;;;;;;;;;;;;;;;;;
;;;;;;;;;;;;;;;;;;;;;;;;;;;;
;;;;;;;;;;;;;;;;;;;;;;;;;;;;
;;;;;;;;;;;;;;;;;;;;;;;;;;;;
;;;;;;;;;;;;;;;;;;;;;;;;;;;;
;;;;;;;;;;;;;;;;;;;;;;;;;;;;
;;;;;;;;;;;;;;;;;;;;;;;;;;;;
;;;;;;;;;;;;;;;;;;;;;;;;;;;;
;;;;;;;;;;;;;;;;;;;;;;;;;;;;
;;;;;;;;;;;;;;;;;;;;;;;;;;;;
;;;;;;;;;;;;;;;;;;;;;;;;;;;;
;;;;;;;;;;;;;;;;;;;;;;;;;;;;
;;;;;;;;;;;;;;;;;;;;;;;;;;;;
;;;;;;;;;;;;;;;;;;;;;;;;;;;;
;;;;;;;;;;;;;;;;;;;;;;;;;;;;
;;;;;;;;;;;;;;;;;;;;;;;;;;;;
;;;;;;;;;;;;;;;;;;;;;;;;;;;;
;;;;;;;;;;;;;;;;;;;;;;;;;;;;
;;;;;;;;;;;;;;;;;;;;;;;;;;;;
;;;;;;;;;;;;;;;;;;;;;;;;;;;;
;;;;;;;;;;;;;;;;;;;;;;;;;;;;
;;;;;;;;;;;;;;;;;;;;;;;;;;;;
;;;;;;;;;;;;;;;;;;;;;;;;;;;;
;;;;;;;;;;;;;;;;;;;;;;;;;;;;
;;;;;;;;;;;;;;;;;;;;;;;;;;;;
;;;;;;;;;;;;;;;;;;;;;;;;;;;;
;;;;;;;;;;;;;;;;;;;;;;;;;;;;
;;;;;;;;;;;;;;;;;;;;;;;;;;;;
;;;;;;;;;;;;;;;;;;;;;;;;;;;;
;;;;;;;;;;;;;;;;;;;;;;;;;;;;
;;;;;;;;;;;;;;;;;;;;;;;;;;;;
;;;;;;;;;;;;;;;;;;;;;;;;;;;;
;;;;;;;;;;;;;;;;;;;;;;;;;;;;
;;;;;;;;;;;;;;;;;;;;;;;;;;;;
;;;;;;;;;;;;;;;;;;;;;;;;;;;;
;;;;;;;;;;;;;;;;;;;;;;;;;;;;
;;;;;;;;;;;;;;;;;;;;;;;;;;;;
;;;;;;;;;;;;;;;;;;;;;;;;;;;;
;;;;;;;;;;;;;;;;;;;;;;;;;;;;
;;;;;;;;;;;;;;;;;;;;;;;;;;;;
;;;;;;;;;;;;;;;;;;;;;;;;;;;;
;;;;;;;;;;;;;;;;;;;;;;;;;;;;
;;;;;;;;;;;;;;;;;;;;;;;;;;;;
;;;;;;;;;;;;;;;;;;;;;;;;;;;;
;;;;;;;;;;;;;;;;;;;;;;;;;;;;
;;;;;;;;;;;;;;;;;;;;;;;;;;;;
;;;;;;;;;;;;;;;;;;;;;;;;;;;;
;;;;;;;;;;;;;;;;;;;;;;;;;;;;
;;;;;;;;;;;;;;;;;;;;;;;;;;;;
;;;;;;;;;;;;;;;;;;;;;;;;;;;;
;;;;;;;;;;;;;;;;;;;;;;;;;;;;
;;;;;;;;;;;;;;;;;;;;;;;;;;;;
;;;;;;;;;;;;;;;;;;;;;;;;;;;;
;;;;;;;;;;;;;;;;;;;;;;;;;;;;
;;;;;;;;;;;;;;;;;;;;;;;;;;;;
;;;;;;;;;;;;;;;;;;;;;;;;;;;;
;;;;;;;;;;;;;;;;;;;;;;;;;;;;
;;;;;;;;;;;;;;;;;;;;;;;;;;;;
;;;;;;;;;;;;;;;;;;;;;;;;;;;;
;;;;;;;;;;;;;;;;;;;;;;;;;;;;
